id,job_address,salary,requirements,company,company_info,job_info,highlights
330,Python软件开发工程师[郑州·管城回族区],6k-8k,6k-8k经验不限 / 不限,河南端琪实业发展有限公司,新零售 / 不需要融资 / 150-500人,新零售,"“五险一金,包住,绩效奖金”"
331,python开发工程师[上海·闵行区],10k-18k,10k-18k经验1-3年 / 本科,帮伯乐,"专业服务｜咨询,营销服务｜咨询 / 不需要融资 / 15-50人",营销服务｜咨询/专业服务｜咨询,“方案”
332,python开发工程师[杭州·滨江区],15k-30k,15k-30k经验3-5年 / 本科,浙江巨能环境工程有限公司,能源｜矿产｜环保 / 不需要融资 / 50-150人,能源｜矿产｜环保,"“五险一金,绩效奖金,定期体检”"
333,"软件工程师（C++/C, Java/C#, python）[南京·溧水区]",15k-25k,15k-25k经验3-5年 / 本科,上海全晓信息技术有限公司,,,"“12天带薪年假,免费三餐,定期体检”"
334,对日JAVA、Python高级工程师[上海·杨浦区],18k-35k,18k-35k经验5-10年 / 本科,上海网擎信息系统有限公司,网络通信 / 不需要融资 / 少于15人,网络通信,"“五险一金,定期体检,员工旅游”"
335,Python工程师[青岛·黄岛区],6k-8k,6k-8k经验3-5年 / 大专,青岛启环国际贸易有限公司,贸易｜进出口 / 不需要融资 / 50-150人,贸易｜进出口,"“五险一金,专业培训,带薪年假”"
336,python开发工程师[重庆·渝北区],9k-14k,9k-14k经验1-3年 / 本科,维普资讯,"电商平台,内容社区 / 不需要融资 / 150-500人",内容社区/电商平台,"“五险一金,绩效奖金,定期体检”"
337,Python开发工程师[上海·黄浦区],12k-20k,12k-20k经验1-3年 / 本科,辰而将行软件,"软件服务｜咨询,数据服务｜咨询 / 不需要融资 / 50-150人",软件服务｜咨询/数据服务｜咨询,"“五险一金,弹性工作”"
338,python开发[深圳·福田区],15k-18k,15k-18k经验3-5年 / 本科,紫川软件,其他 / 不需要融资 / 500-2000人,,"“五险一金,定期体检,节日礼金卡”"
339,Python开发工程师[天津·南开区],11k-20k,11k-20k经验1-3年 / 本科,帮伯乐,"专业服务｜咨询,营销服务｜咨询 / 不需要融资 / 15-50人",营销服务｜咨询/专业服务｜咨询,“方案”
340,python自动化测试工程师[上海·黄浦区],20k-25k,20k-25k经验5-10年 / 本科,万宝盛华企业管理咨询（上海）有限公司成都分公司,服务业 / 不需要融资 / 少于15人,服务业,"“五险一金,定期体检,做五休二”"
341,python后端开发[深圳·宝安区],10k-15k,10k-15k经验1-3年 / 本科,深圳市科雅智能数码有限公司,其他 / 不需要融资 / 50-150人,,"“购买社保,方案,技能培训”"
342,Python高级工程师（AI大模型方向）[上海·普陀区],18k-25k,18k-25k经验5-10年 / 本科,兰台信息,专业服务｜咨询 / 不需要融资 / 500-2000人,专业服务｜咨询,"“五险一金,绩效奖金,做五休二”"
343,Python开发工程师[上海·浦东新区],17k-19k,17k-19k经验5-10年 / 大专,博为峰,,,"“五险一金,周末双休,交通补贴”"
344,python开发工程师[深圳·西丽],15k-18k,15k-18k经验3-5年 / 本科,深智无限,人工智能服务 / 未融资 / 少于15人,人工智能服务,“办公环境优，氛围好。”
345,python自动化测试工程师[上海·黄浦区],20k-25k,20k-25k经验5-10年 / 本科,万宝盛华企业管理咨询（上海）有限公司成都分公司,服务业 / 不需要融资 / 少于15人,服务业,"“五险一金,定期体检,做五休二”"
346,python后端开发[深圳·宝安区],10k-15k,10k-15k经验1-3年 / 本科,深圳市科雅智能数码有限公司,其他 / 不需要融资 / 50-150人,,"“购买社保,方案,技能培训”"
347,Python高级工程师（AI大模型方向）[上海·普陀区],18k-25k,18k-25k经验5-10年 / 本科,兰台信息,专业服务｜咨询 / 不需要融资 / 500-2000人,专业服务｜咨询,"“五险一金,绩效奖金,做五休二”"
348,python开发工程师[上海·浦东新区],28k-35k,28k-35k经验5-10年 / 本科,岩山科技,金融业 / 不需要融资 / 500-2000人,金融业,"“五险一金,绩效奖金,定期体检”"
349,python高级开发工程师[北京·朝阳区],30k-40k,30k-40k经验5-10年 / 本科,Veeva System维我软件,"软件服务｜咨询,IT技术服务｜咨询,医疗｜保健｜美容 / 上市公司 / 2000人以上",JAVA/软件服务｜咨询/GO/架构设计/CRM,“世界前 50 强制药企业”
350,Python开发工程师[上海·浦东新区],17k-19k,17k-19k经验5-10年 / 大专,博为峰,,,"“五险一金,周末双休,交通补贴”"
351,python开发实习生[上海·浦东新区],3k-4k,3k-4k经验不限 / 本科,玖乾奕软件,IT技术服务｜咨询 / 不需要融资 / 15-50人,C语言/科技金融/金融业,“实习可转正机会”
352,python开发工程师[深圳·西丽],15k-18k,15k-18k经验3-5年 / 本科,深智无限,人工智能服务 / 未融资 / 少于15人,人工智能服务,“办公环境优，氛围好。”
353,海外爬虫开发工程师（to B Python）[上海·徐汇区],15k-23k,15k-23k经验1-3年 / 本科,特易资讯,其他 / 不需要融资 / 150-500人,,"“五险一金,绩效奖金,定期体检”"
354,python开发工程师[广州·增城区],6k-10k,6k-10k经验3-5年 / 本科,瑞丰科技,农林牧渔 / 不需要融资 / 150-500人,农林牧渔,"“五险一金,绩效奖金,定期体检”"
355,python开发[北京·海淀区],14k-18k,14k-18k经验1-3年 / 不限,上海韦创立企业管理咨询有限公司,"专业服务｜咨询,营销服务｜咨询 / 不需要融资 / 50-150人",营销服务｜咨询/专业服务｜咨询,“发展前景佳、团队实力强、老板nice”
356,python数据开发工程师[北京·北七家],15k-30k,15k-30k经验1-3年 / 本科,北京指南针,科技金融 / 上市公司 / 500-2000人,科技金融,“上市公司”
357,web开发工程师（python+js）[上海·九亭],10k-18k,10k-18k经验不限 / 本科,担路网,"移动互联网,企业服务 / 未融资 / 15-50人",软件服务｜咨询,“弹性工作 节假日补助 带薪年假”
358,Python开发工程师[上海·静安区],12k-20k,12k-20k经验不限 / 硕士,国泰君安期货有限公司,金融业 / 不需要融资 / 500-2000人,金融业,"“五险一金,定期体检,周末双休”"
359,python数据开发工程师[上海·浦东新区],15k-25k,15k-25k经验1-3年 / 本科,玖乾奕软件,IT技术服务｜咨询 / 不需要融资 / 15-50人,科技金融/金融业,“福利待遇佳~”
360,python开发工程师[北京·朝阳区],13k-25k,13k-25k经验1-3年 / 本科,第三石科技,生活服务 / B轮 / 50-150人,后端/电商平台,“平台好 高精尖技术氛围”
361,python开发工程师[西安·北关],8k-12k,8k-12k经验1-3年 / 本科,深圳渔航人才服务,专业服务｜咨询 / 未融资 / 少于15人,软件服务｜咨询/爬虫经验/人工智能服务/可视化,“五险一金，年终奖金，名校硕博带”
362,python开发工程师[深圳·西丽],15k-18k,15k-18k经验3-5年 / 本科,深智无限,人工智能服务 / 未融资 / 少于15人,人工智能服务,“办公环境优，氛围好。”
363,Python开发工程师（实习生）[南京·浦口区],4k-5k,4k-5k经验在校/应届 / 本科,南京洲源信息科技有限公司,"软件服务｜咨询,数据服务｜咨询 / 不需要融资 / 15-50人",软件服务｜咨询/数据服务｜咨询,"“绩效奖金,餐饮补贴,加班补贴”"
364,python爬虫开发工程师[郑州·金水区],6k-8k,6k-8k经验不限 / 不限,河南甫得影视,"新媒体,文化传媒 / 不需要融资 / 50-150人",新媒体/文化传媒,"“五险一金,绩效奖金,定期体检”"
365,python开发工程师[深圳],6k-12k,6k-12k经验1-3年 / 大专,深圳市晨特电子有限公司,,,"“五险一金,绩效奖金,包住宿”"
366,python开发工程师[济南·市中区],18k-25k,18k-25k经验5-10年 / 本科,奥维数字,"软件服务｜咨询,IT技术服务｜咨询,数据服务｜咨询 / 不需要融资 / 150-500人",RESTful API/软件服务｜咨询/Django/机器学习算法/工程化经验/IT技术服务｜咨询,“周末双休、五险一金、法定节假日、各种带薪休假”
367,Python开发工程师[上海·闵行区],15k-20k,15k-20k经验3-5年 / 本科,上海现代通用识别技术有限公司,其他 / 不需要融资 / 50-150人,,“发展前景佳、团队实力强、老板nice”
368,python开发工程师[深圳·福田区],8k-10k,8k-10k经验1-3年 / 大专,深圳市捷仕通电子科技有限公司,,,"“五险一金,绩效奖金,方案”"
369,python开发[上海·静安区],3k-4k,3k-4k经验在校/应届 / 本科,优脉家族办公室,其他 / 不需要融资 / 15-50人,,"“五险一金,绩效奖金,职业发展”"
370,Python工程师[珠海·香洲区],5k-9k,5k-9k经验1-3年 / 本科,时代互联,"软件服务｜咨询,数据服务｜咨询 / 不需要融资 / 50-150人",软件服务｜咨询/数据服务｜咨询,"“五险一金,绩效奖金,周末双休”"
371,python开发工程师[上海·徐汇区],10k-18k,10k-18k经验1-3年 / 本科,安徽策美网络科技有限公司深圳分公司,,,“方案”
372,python开发工程师[昆明·西山区],8k-12k,8k-12k经验1-3年 / 本科,云南智讯达科技开发有限公司,"软件服务｜咨询,数据服务｜咨询 / 不需要融资 / 15-50人",软件服务｜咨询/数据服务｜咨询,"“五险一金,定期体检,专业培训”"
373,python开发[广州·五山],9k-14k,9k-14k经验3-5年 / 大专,拼吧科技,"移动互联网,企业服务 / A轮 / 15-50人",软件服务｜咨询,“双休、五险一金、近地铁、领导好”
374,python数据分析实习生[成都·武侯区],1k-2k,1k-2k经验不限 / 本科,四川品亿科技有限公司,"软件服务｜咨询,数据服务｜咨询 / 不需要融资 / 15-50人",软件服务｜咨询/数据服务｜咨询,"“全勤奖,员工聚餐,周末双休”"
375,python开发实习生[成都·武侯区],1k-2k,1k-2k经验不限 / 本科,四川品亿科技有限公司,"软件服务｜咨询,数据服务｜咨询 / 不需要融资 / 15-50人",软件服务｜咨询/数据服务｜咨询,"“全勤奖,员工聚餐,周末双休”"
376,python实习生[成都·武侯区],1k-2k,1k-2k经验在校/应届 / 本科,四川品亿科技有限公司,"软件服务｜咨询,数据服务｜咨询 / 不需要融资 / 15-50人",软件服务｜咨询/数据服务｜咨询,"“全勤奖,员工聚餐,周末双休”"
377,Python开发工程师[昆明·盘龙区],7k-10k,7k-10k经验1-3年 / 本科,云南云岭工程造价咨询有限公司,房地产｜建筑｜物业 / 不需要融资 / 500-2000人,房地产｜建筑｜物业,"“五险一金,定期体检,周末双休”"
378,Python[北京·海淀区],25k-30k,25k-30k经验3-5年 / 本科,杭州艾琳达企业管理有限公司,,,"“氛围融洽,年度体检,节假日”"
379,Python开发工程师[深圳·西丽],20k-30k,20k-30k经验5-10年 / 本科,深圳开仓了科技有限公司,"电商平台,物流｜运输 / 不需要融资 / 15-50人",贸易｜进出口/计算机相关专业,“发展前景”
380,python开发工程师[重庆·渝北区],4k-8k,4k-8k经验不限 / 不限,重庆椿江科技有限公司,数据服务 / 不需要融资 / 15-50人,IT技术服务｜咨询/计算机相关专业,“双休 氛围好”
381,python开发工程师[武汉·江夏区],10k-13k,10k-13k经验3-5年 / 本科,武汉云稼数字科技有限公司,,,"“五险一金,周末双休,餐饮补贴”"
382,python工程师[上海·嘉定区],8k-12k,8k-12k经验不限 / 本科,上海唯析信息科技有限公司,"软件服务｜咨询,数据服务｜咨询 / 不需要融资 / 15-50人",软件服务｜咨询/数据服务｜咨询,“发展前景佳、团队实力强、老板nice”
383,python开发工程师[梅州·梅江区],8k-15k,8k-15k经验不限 / 本科,纽达投资管理,金融 / 未融资 / 50-150人,数学/统计学相关专业/科技金融/金融业/计算机相关专业,“薪资福利优厚，团队氛围好”
384,python开发工程师[郑州·二七区],7k-10k,7k-10k经验3-5年 / 大专,稳网互联,"数据服务,软件开发 / 未融资 / 15-50人",C++/信息安全/GO/.NET/PHP,“环境优越，轻松快乐中工作”
385,Python开发工程师[南京·雨花台区],14k-20k,14k-20k经验3-5年 / 本科,中新赛克,,,“发展前景佳、团队实力强、老板nice”
386,Python开发工程师[深圳·宝安区],10k-20k,10k-20k经验1-3年 / 本科,深圳立德船舶智造技术有限公司,制造业 / 不需要融资 / 少于15人,制造业,"“五险一金,定期体检,员工旅游”"
387,Python[廊坊·安次区],18k-30k,18k-30k经验5-10年 / 本科,万国数据,"软件服务｜咨询,数据服务｜咨询 / 不需要融资 / 500-2000人",软件服务｜咨询/数据服务｜咨询,“方案”
388,Python工程师[无锡·新吴区],10k-15k,10k-15k经验3-5年 / 本科,BINDOYEN,制造业 / 不需要融资 / 50-150人,制造业,"“员工旅游,弹性工作,餐饮补贴”"
389,python开发工程师[深圳·龙华区],10k-15k,10k-15k经验3-5年 / 本科,华会科技,"移动互联网,电商 / A轮 / 15-50人",JAVA/软件服务｜咨询/区块链开发经验/大数据开发经验/计算机相关专业,“定期进行薪资调整，明确的晋升通道”
390,python开发工程师[上海],12k-15k,12k-15k经验3-5年 / 本科,杭州工互科技有限公司,,,"“五险一金,员工旅游”"
391,Python[上海·浦东新区],8k-16k,8k-16k经验1-3年 / 本科,元镁科技,专业服务｜咨询 / 不需要融资 / 150-500人,专业服务｜咨询,“培训”
392,python开发工程师[珠海·香洲区],8k-14k,8k-14k经验3-5年 / 本科,宏桥高科,其他 / 不需要融资 / 150-500人,,"“五险一金,带薪假期,生日会”"
393,python开发工程师[广州·沙头],10k-15k,10k-15k经验1-3年 / 本科,魔数智擎人工智能,人工智能服务 / A轮 / 15-50人,软件服务｜咨询/数据开发/人工智能服务/大数据开发经验/机器学习算法/工程化经验,“人工智能”
394,python工程师[宁波·鄞州区],7k-11k,7k-11k经验3-5年 / 本科,宁波华港船代,其他 / 不需要融资 / 50-150人,,"“绩效奖金,定期体检,员工旅游”"
395,python开发工程师[石家庄·青园],6k-10k,6k-10k经验1-3年 / 本科,正和网络,电商 / A轮 / 150-500人,电商平台,“五险，年终奖，带薪年假”
396,python开发[上海·长宁区],22k-28k,22k-28k经验3-5年 / 本科,山东昇润能源实业有限公司,"专业服务｜咨询,营销服务｜咨询 / 不需要融资 / 少于15人",营销服务｜咨询/专业服务｜咨询,“方案”
397,Python[南京·鼓楼区],9k-12k,9k-12k经验3-5年 / 大专,南京博锐星润软件科技有限公司,,,“发展前景佳、团队实力强、老板nice”
398,python开发工程师[南京·玄武区],12k-24k,12k-24k经验3-5年 / 本科,鱼跃医疗,医疗｜保健｜美容 / 不需要融资 / 2000人以上,医疗｜保健｜美容,“发展前景佳、团队实力强、老板nice”
399,Python工程师[东莞·厚街镇],6k-8k,6k-8k经验1-3年 / 大专,群福塑胶,其他 / 不需要融资 / 500-2000人,,"“包住宿,购买五险,专业培训”"
400,python开发工程师[上海·闵行区],12k-17k,12k-17k经验5-10年 / 本科,芯发威达&amp;上海威强,,,"“五险一金,绩效奖金,做五休二”"
401,python开发[杭州·西溪],15k-25k,15k-25k经验1-3年 / 本科,同花顺,科技金融 / 上市公司 / 2000人以上,JAVA/数学/统计学相关专业/科技金融/GO/计算机相关专业,“发展前景好”
402,Python[广州·番禺区],13k-18k,13k-18k经验5-10年 / 本科,京北方广州分公司,其他 / 不需要融资 / 2000人以上,,“方案”
403,python开发工程师[沈阳·浑南区],4k-6k,4k-6k经验在校/应届 / 硕士,致学教育,教育 / A轮 / 50-150人,人工智能服务/大数据开发经验/机器学习算法/工程化经验/物联网/计算机相关专业,“专业教育信息化公司”
404,python开发工程师[深圳·西丽],8k-15k,8k-15k经验不限 / 本科,蓝典信安,"人工智能服务,软件服务｜咨询,IT技术服务｜咨询 / 上市公司 / 50-150人",人工智能服务/信息安全,“应届优先，培养leader，技术氛围”
405,Python开发工程师[广州·番禺区],8k-14k,8k-14k经验不限 / 本科,广州市点易资讯科技有限公司,网络通信 / 不需要融资 / 150-500人,网络通信,"“五险一金,绩效奖金,周末双休”"
406,Python开发工程师[武汉·武昌区],10k-15k,10k-15k经验3-5年 / 本科,中铁第四勘察设计院集团有限公司,房地产｜建筑｜物业 / 不需要融资 / 2000人以上,房地产｜建筑｜物业,"“方案,保险,社会保险”"
407,python开发工程师[武汉·洪山区],11k-14k,11k-14k经验1-3年 / 大专,广州碧软信息科技有限公司,,,"“五险一金,节假日福利,生日补贴”"
408,python开发工程师[武汉·武昌区],10k-14k,10k-14k经验3-5年 / 本科,佰钧成技术,软件开发 / 不需要融资 / 2000人以上,,"“五险一金,定期体检,绩效奖金”"
409,python开发工程师[北京·西二旗],7k-12k,7k-12k经验不限 / 本科,融智国创,智能硬件 / 未融资 / 50-150人,软件服务｜咨询/人工智能服务/计算机相关专业,“五险一金、年终绩效奖金、节日礼品、零食下午茶”
410,Python开发工程师[成都·圣灯],8k-12k,8k-12k经验3-5年 / 本科,淞华思创,"能源｜矿产｜环保,人工智能服务 / 未融资 / 少于15人",能源｜矿产｜环保/人工智能服务/AI开发经验,“高成长性与晋升空间 弹性工作时间”
411,python开发工程师[武汉·纸坊],5k-8k,5k-8k经验不限 / 本科,融智国创,智能硬件 / 未融资 / 50-150人,软件服务｜咨询/人工智能服务/计算机相关专业,“五险一金、年终绩效奖金、节日礼品、零食下午茶”
412,python开发工程师[西安·长安区],10k-18k,10k-18k经验3-5年 / 本科,Wisdom Garden,软件服务｜咨询 / A轮 / 50-150人,软件服务｜咨询/VUE/计算机相关专业,“敏捷开发 弹性工作”
413,python开发工程师[北京·北太平庄],2k-3k,2k-3k经验在校/应届 / 本科,天之华,数据服务 / 未融资 / 50-150人,软件服务｜咨询/机器学习算法/工程化经验/IT技术服务｜咨询/计算机相关专业,“发展前景广阔，可居家办公”
414,Python工程师[宁波·慈溪市],12k-16k,12k-16k经验3-5年 / 大专,骏玖电子,"软件服务｜咨询,数据服务｜咨询 / 不需要融资 / 150-500人",软件服务｜咨询/数据服务｜咨询,“发展前景佳、团队实力强、老板nice”
415,python开发工程师[重庆·渝北区],10k-15k,10k-15k经验3-5年 / 本科,拾风趣游,游戏 / 未融资 / 50-150人,人工智能服务/大数据开发经验,“北大清华一流大学组成的研发团队”
416,Python开发[深圳·南山区],14k-20k,14k-20k经验3-5年 / 本科,深圳市云腾创智技术有限公司,,,"“五险一金,年终奖金”"
417,python开发工程师[成都·武侯区],7k-9k,7k-9k经验1-3年 / 本科,成都市武侯区进阶思维教育培训学校有限公司,教育｜培训 / 不需要融资 / 15-50人,教育｜培训,“发展前景佳、团队实力强、老板nice”
418,python开发工程师[长沙·五一广场],7k-14k,7k-14k经验不限 / 本科,湖南象盒网络科技有限公司,房产家居 / 不需要融资 / 2000人以上,JAVA/人工智能服务/大数据开发经验/机器学习算法/工程化经验/IT技术服务｜咨询,“行业领先品牌，赋能职业发展”
419,python工程师[北京·大兴区],25k-50k,25k-50k经验3-5年 / 本科,百奥赛图,医疗｜保健｜美容 / D轮及以上 / 2000人以上,生物医药,“上市公司，有发展前景，有年终奖，每年调薪”
420,python开发工程师[重庆·渝北区],5k-8k,5k-8k经验不限 / 本科,融智国创,智能硬件 / 未融资 / 50-150人,软件服务｜咨询/人工智能服务/计算机相关专业,“五险一金、年终绩效奖金、节日礼品、零食下午茶”
421,python开发工程师[杭州·临平区],15k-30k,15k-30k经验3-5年 / 大专,构美信息,电商 / 天使轮 / 150-500人,MCN｜直播平台/IT技术服务｜咨询,“餐补、交补、五险一金、全勤奖、高温补贴”
422,python开发工程师[石家庄·裕华区],10k-12k,10k-12k经验3-5年 / 大专,睿兴科技,"其他,金融 / 未融资 / 500-2000人",PHP/IT技术服务｜咨询/计算机相关专业,“面议”
423,python开发工程师[杭州·湖滨],8k-16k,8k-16k经验不限 / 不限,墨炎科技,IT技术服务｜咨询 / 不需要融资 / 少于15人,Golang/区块链开发经验/爬虫经验/GO/数据服务｜咨询,“无”
424,python开发工程师[上海·杨浦区],8k-12k,8k-12k经验3-5年 / 本科,上海微风飞扬音乐有限公司,"新媒体,文化传媒 / 不需要融资 / 少于15人",新媒体/文化传媒,“发展前景佳、团队实力强、老板nice”
425,python开发[深圳·坂田],9k-13k,9k-13k经验1-3年 / 本科,得一创新,电商平台 / 不需要融资 / 50-150人,数学/统计学相关专业/爬虫经验/计算机相关专业/电商平台,“年终奖”
426,python开发工程师[深圳·坂田],9k-13k,9k-13k经验1-3年 / 本科,得一创新,电商平台 / 不需要融资 / 50-150人,熟悉数据库/爬虫经验/IT技术服务｜咨询/计算机相关专业/前后端开发,“年终奖，年度体检，弹性工作制，节假日福利”
427,python工程师[兰州·七里河区],6k-8k,6k-8k经验1-3年 / 本科,兰州容大信息科技有限公司,,,“方案”
428,python开发[深圳·龙华区],11k-20k,11k-20k经验不限 / 本科,福达尔,其他 / 不需要融资 / 50-150人,,"“五险一金,绩效奖金,定期体检”"
429,python开发工程师[哈尔滨·革新],8k-16k,8k-16k经验不限 / 本科,云孚科技,人工智能服务 / 不需要融资 / 15-50人,人工智能服务,“大牛直接带，高速成长”
430,python开发工程师[北京·万泉河],9k-16k,9k-16k经验1年以下 / 本科,千诀科技,"人工智能服务,智能硬件 / A轮 / 15-50人",机器人/人工智能服务/大模型/具身智能,“风口行业，核心员工配置期权，共享成长及收益”
431,python开发[重庆·渝北区],15k-22k,15k-22k经验1-3年 / 本科,伴岸信息,软件服务｜咨询 / 不需要融资 / 15-50人,爬虫经验/机器学习算法/工程化经验/专业服务｜咨询/数据服务｜咨询,“法律类合规管理平台，行业前瞻挑战性”
432,python开发工程师[西安·雁塔区],10k-16k,10k-16k经验1-3年 / 本科,西点信息,企业服务 / 不需要融资 / 50-150人,C++/科技金融/机器学习算法/工程化经验/计算机相关专业,“双休、五险一金、项目奖金、年终奖金等”
433,Python工程师[深圳·罗湖区],15k-22k,15k-22k经验1-3年 / 本科,紫川软件,其他 / 不需要融资 / 500-2000人,,"“五险一金,定期体检”"
434,python开发工程师[太原·义井],10k-18k,10k-18k经验3-5年 / 本科,云智矿安,"人工智能服务,能源｜矿产｜环保,智能硬件 / A轮 / 15-50人",智能硬件,“探索新型传感设备，挖掘行业场景的深度应用”
435,python工程师[北京·朝阳区],9k-16k,9k-16k经验不限 / 本科,杭州曼孚科技有限公司,数据服务｜咨询 / B轮 / 50-150人,爬虫经验/人工智能服务,“好”
436,python开发工程师[天津·下瓦房],12k-16k,12k-16k经验1-3年 / 大专,水合木科技（天津）有限公司,"物联网,网络通信 / 不需要融资 / 15-50人",数学/统计学相关专业/大数据开发经验/机器学习算法/工程化经验/互联网/计算机相关专业,“入职缴纳五险一金”
437,python开发工程师[天津·下瓦房],12k-16k,12k-16k经验1-3年 / 大专,进贸通,物流丨运输 / 未融资 / 150-500人,大数据开发经验/机器学习算法/工程化经验/互联网/计算机相关专业,“入职缴纳五险一金 年终奖”
438,Python开发工程师[广州·黄埔区],10k-15k,10k-15k经验3-5年 / 本科,苏州百捷信息科技有限公司,"电商平台,内容社区 / 不需要融资 / 150-500人",内容社区/电商平台,"“五险一金,全勤奖,绩效奖金”"
439,python开发工程师[南京·大学城],10k-15k,10k-15k经验1-3年 / 本科,华玮佳,智能硬件 / 未融资 / 50-150人,人工智能服务/智能硬件/计算机相关专业,“前景好”
440,python开发工程师[南京·大学城],10k-15k,10k-15k经验3-5年 / 本科,华玮佳,智能硬件 / 未融资 / 50-150人,智能硬件,“前景好”
441,python[成都·三圣],12k-16k,12k-16k经验3-5年 / 大专,国城科技,"数据服务｜咨询,IT技术服务｜咨询,信息安全 / 天使轮 / 50-150人",信息安全,“大佬带队”
442,python开发工程师[长沙·岳麓区],10k-13k,10k-13k经验3-5年 / 大专,颗粒度传媒,新媒体 / 未融资 / 15-50人,IT技术服务｜咨询,“Python开发工程师”
443,python开发工程师[武汉·洪山区],15k-20k,15k-20k经验3-5年 / 本科,爱道格,IT技术服务｜咨询 / 不需要融资 / 15-50人,C++/金融业/计算机相关专业,“项目有很好的发展前景，长期稳定。”
444,python开发工程师[杭州·滨江区],15k-30k,15k-30k经验不限 / 本科,华为杭州研究所,"数据服务｜咨询,人工智能服务 / 不需要融资 / 2000人以上",云计算/分布式/服务器端/云计算/数据库,“共同努力，构建未来计算”
445,python工程师[北京·五道口],10k-18k,10k-18k经验3-5年 / 大专,天域盛业,智能硬件 / 未融资 / 15-50人,人工智能服务,“不加班”
446,python开发工程师[成都·武侯区],8k-10k,8k-10k经验1-3年 / 本科,合众融智,其他 / 不需要融资 / 15-50人,软件服务｜咨询/IT技术服务｜咨询/计算机相关专业,“大平台成就不一样的你”
447,python开发工程师[天津·下瓦房],12k-18k,12k-18k经验3-5年 / 大专,水合木科技（天津）有限公司,"物联网,网络通信 / 不需要融资 / 15-50人",爬虫经验/社交媒体/营销服务｜咨询/计算机相关专业,“年轻化国际化的互联网广告营销公司”
448,python开发工程师[上海·闵行区],13k-26k,13k-26k经验1-3年 / 本科,阿伽科技,物流丨运输、人工智能 / 天使轮 / 少于15人,人工智能服务/机器学习算法/工程化经验/数据服务｜咨询,“头部客户项目机会，发展空间大”
449,python开发[上海·闵行区],20k-24k,20k-24k经验5-10年 / 本科,融万,移动互联网 / A轮 / 50-150人,爬虫经验/物联网/电商平台,“朝九晚五 周末双休 不加班”
450,python开发工程师[武汉·珞南],25k-40k,25k-40k经验5-10年 / 本科,理工数字,"数据服务｜咨询,工具类产品 / D轮及以上 / 150-500人",软件服务｜咨询/工具类产品,“henyouqianli”
451,python开发工程师[南京·宁南],8k-12k,8k-12k经验1-3年 / 本科,明月华炎,"软件服务｜咨询,IT技术服务｜咨询 / C轮 / 150-500人",JAVA/软件服务｜咨询/物联网/计算机相关专业,“五险一金、 有班车”
452,python工程师[珠海·香洲区],7k-12k,7k-12k经验1-3年 / 大专,大悦科技,移动互联网 / 不需要融资 / 15-50人,爬虫经验/人工智能服务/机器学习算法/工程化经验/IT技术服务｜咨询/计算机相关专业,“早九晚六，双休，五险”
453,python开发工程师[杭州·近江],8k-15k,8k-15k经验1-3年 / 本科,杭州鸿致,"软件服务｜咨询,数据服务｜咨询 / 未融资 / 少于15人",计算机相关专业/电商平台/数据服务｜咨询,“充满挑战”
454,python开发[西安·雁塔区],6k-9k,6k-9k经验1-3年 / 本科,若邻科技,"物联网,制造业 / 未融资 / 15-50人",物联网/计算机相关专业,“工作氛围轻松”
455,python开发[哈尔滨·松北区],6k-12k,6k-12k经验3-5年 / 大专,甜夜网络,电商平台 / 未融资 / 15-50人,游戏/计算机相关专业/电商平台,“工作简单”
456,python开发工程师[西安·雁塔区],13k-20k,13k-20k经验不限 / 本科,华为西安,"IT技术服务｜咨询,智能硬件 / 不需要融资 / 2000人以上",数学/统计学相关专业/软件服务｜咨询/爬虫经验/C语言/计算机相关专业,“五险一金，14薪，培养与晋升通道体系健全。”
457,python开发工程师[杭州·余杭区],20k-30k,20k-30k经验1-3年 / 本科,蓝象科技,"数据服务｜咨询,区块链 / A轮 / 50-150人",C++/爬虫经验/大数据开发经验/科技金融,“原阿里团队”
458,python开发工程师[北京·展览路],15k-25k,15k-25k经验3-5年 / 本科,阿提拉,软件开发 / 未融资 / 150-500人,软件服务｜咨询/计算机相关专业,“python”
459,python开发工程师[深圳·西丽],15k-22k,15k-22k经验3-5年 / 本科,优为轻创,电商平台 / 不需要融资 / 50-150人,爬虫经验/IT技术服务｜咨询/计算机相关专业,“精美礼品福利；年度调薪。”
460,Python工程师[成都·武侯区],10k-15k,10k-15k经验3-5年 / 本科,小豹科技,"移动互联网,企业服务 / 未融资 / 少于15人",软件服务｜咨询/IT技术服务｜咨询,“项目负责人&amp;研发”
461,python开发工程师[郑州·北环],4k-6k,4k-6k经验3-5年 / 本科,念珠智能,"工具类产品,专业服务｜咨询,软件服务｜咨询 / 天使轮 / 少于15人",JAVA/C++/人工智能服务/.NET,“有较好的发展前景”
462,python工程师[西安·雁塔区],8k-12k,8k-12k经验3-5年 / 本科,大船团,"短视频,MCN｜直播平台,电商平台 / 未融资 / 15-50人",爬虫经验/短视频/电商平台,“福利待遇”
463,Python开发工程师[北京·东城区],10k-20k,10k-20k经验3-5年 / 本科,信永中和,专业服务｜咨询 / 不需要融资 / 2000人以上,网络爬虫/软件服务｜咨询/全栈/IT技术服务｜咨询,"“环境好,不加班,大公司”"
464,python工程师[宁波·鄞州区],10k-17k,10k-17k经验1-3年 / 本科,宁波思艾特软件有限公司,"移动互联网,企业服务 / 不需要融资 / 150-500人",软件服务｜咨询/IT技术服务｜咨询,“新技术岗”
465,python开发工程师[杭州·上城区],10k-16k,10k-16k经验1-3年 / 本科,杭州鸿致,"软件服务｜咨询,数据服务｜咨询 / 未融资 / 少于15人",工具类产品/电商平台/mongodb,“大数据大神加持，助你提升技术实力”
466,python开发工程师[天津·邵公庄],8k-13k,8k-13k经验1-3年 / 本科,大眼睛,"软件服务｜咨询,专业服务｜咨询,营销服务｜咨询 / 未融资 / 15-50人",Golang/软件服务｜咨询/大数据开发经验/制造业/GO,“五险一金、发展前景号、调薪制度”
467,python开发工程师[青岛·中韩],15k-20k,15k-20k经验5-10年 / 本科,开科唯识,软件服务｜咨询 / C轮 / 500-2000人,软件服务｜咨询/IT技术服务｜咨询/计算机相关专业,“理财子项目 本地化”
468,python开发工程师[东莞·东莞市],12k-16k,12k-16k经验3-5年 / 本科,阅得科技,"工具类产品,人工智能服务 / 天使轮 / 少于15人",工具类产品/机器学习算法/工程化经验,“扁平化管理、领导 Nice、 AI 赛道”
469,python开发工程师[上海·淮海路],12k-20k,12k-20k经验1-3年 / 本科,葭仓科技,"金融,区块链 / 不需要融资 / 15-50人",区块链/科技金融/逆向/计算机相关专业,“弹性工时”
470,python开发工程师[深圳·福田区],12k-15k,12k-15k经验3-5年 / 大专,奥创高新,"旅游,汽车丨出行 / 不需要融资 / 少于15人",生活服务/旅游｜出行,“初创公司，前景广阔”
471,python开发[北京·万寿寺],14k-17k,14k-17k经验3-5年 / 本科,京北方,IT技术服务｜咨询 / 上市公司 / 2000人以上,科技金融/IT技术服务｜咨询,“上市公司，双休，餐补”
472,python开发[上海·黄浦区],13k-20k,13k-20k经验3-5年 / 本科,上海强辰,IT技术服务｜咨询 / 未融资 / 50-150人,数学/统计学相关专业/软件服务｜咨询/大数据开发经验/IT技术服务｜咨询/计算机相关专业,“工作氛围良好”
473,python开发工程师[重庆·渝北区],5k-10k,5k-10k经验1-3年 / 本科,中国民航信息网络股份有限公司重庆分公司,生活服务 / 上市公司 / 500-2000人,Java/.NET/PHP/IT技术服务｜咨询/数据服务｜咨询,“六险二金、带薪年假、工会福利、教育培训”
474,python开发工程师[武汉·洪山区],10k-20k,10k-20k经验3-5年 / 大专,乐谷游戏,游戏 / A轮 / 50-150人,游戏,“晋升空间大 平台稳定 培训机制完善”
475,python开发工程师[北京·回龙观],15k-25k,15k-25k经验3-5年 / 本科,文信博易,工具类产品 / 未融资 / 15-50人,数学/统计学相关专业/人工智能服务/社交平台/计算机相关专业,“自研项目 实力突出”
476,python开发工程师[深圳·平湖],15k-30k,15k-30k经验3-5年 / 本科,瑞莱士,医疗｜保健｜美容 / 未融资 / 50-150人,医疗｜保健｜美容/opencv,“图像识别”
477,python开发工程师[深圳·福田区],11k-18k,11k-18k经验3-5年 / 大专,友点科技,"软件服务｜咨询,IT技术服务｜咨询 / 不需要融资 / 150-500人",软件服务｜咨询,“五险一金”
478,Python开发工程师[北京·西二旗],25k-40k,25k-40k经验3-5年 / 本科,贝壳,居住服务 / 上市公司 / 2000人以上,居住服务/消费生活/计算机相关专业,“福利待遇好”
479,python开发工程师[西安·经济技术开发区],8k-13k,8k-13k经验1-3年 / 本科,北纬四十度,"软件服务｜咨询,IT技术服务｜咨询,贸易｜进出口 / 未融资 / 50-150人",物联网/计算机相关专业/电商平台,“双休 节日福利 双倍加班费”
480,python开发工程师[广州·新港],8k-13k,8k-13k经验1-3年 / 不限,比特鹰,区块链 / 未融资 / 15-50人,区块链/计算机相关专业,“Web3 行业、发展前景”
481,python开发工程师[上海·普陀区],10k-20k,10k-20k经验3-5年 / 本科,六坊信息,"IT技术服务｜咨询,区块链,数据服务｜咨询 / 未融资 / 15-50人",PostgreSQL/MySQL/FastAPI/数据服务｜咨询/Flask,“员工旅游 专业培训 年终奖金 弹性工作”
482,python开发[深圳·宝安区],10k-11k,10k-11k经验1-3年 / 本科,一张满减券,IT技术服务｜咨询 / 未融资 / 15-50人,爬虫经验/大数据开发经验/机器学习算法/工程化经验/IT技术服务｜咨询,“线上远程/每小时70 -100元/日结”
483,python开发工程师[上海·洋泾],16k-22k,16k-22k经验3-5年 / 本科,德科信息,物联网 / 不需要融资 / 2000人以上,JAVA/金融业,“Python”
484,python开发工程师[深圳·南山区],15k-25k,15k-25k经验3-5年 / 本科,赤湾通信卫星应用,"网络通信,信息安全,IT技术服务｜咨询 / 未融资 / 15-50人",MySQL,“稀缺项目 发展前景好 福利全面”
485,python开发工程师[北京·海淀区],12k-16k,12k-16k经验3-5年 / 本科,优声科技,"信息安全,物联网 / 未融资 / 150-500人",汽车交易平台,“入职体检”
486,python开发工程师[温州·鹿城区],13k-24k,13k-24k经验3-5年 / 本科,温州银行股份有限公司,金融业 / 未融资 / 2000人以上,科技金融/金融业,“金融科技新锐企业”
487,python开发工程师[上海·张江],8k-15k,8k-15k经验1-3年 / 本科,达观数据,"人工智能服务,数据服务｜咨询 / C轮 / 500-2000人",人工智能服务/MySQL/后端/数据服务｜咨询/推荐算法,“人工智能 期权激励 六险一金 大牛云集”
488,python开发工程师[上海·浦东新区],15k-25k,15k-25k经验3-5年 / 本科,达观数据,"人工智能服务,数据服务｜咨询 / C轮 / 500-2000人",人工智能服务,“13薪”
489,python开发工程师[上海·张江],15k-27k,15k-27k经验不限 / 不限,有一科技,专业服务｜咨询 / 未融资 / 50-150人,专业服务｜咨询,“日结”
490,python开发工程师[广州·珠江新城],15k-17k,15k-17k经验1-3年 / 本科,讯鸿网络,工具类产品 / B轮 / 50-150人,金融业,“工作环境好、发展空间大、粮期准”
491,python工程师[上海·普陀区],25k-50k,25k-50k经验1-3年 / 本科,SEE DIGITAL 瑟尚,"新媒体,文化传媒 / A轮 / 150-500人",电商平台,“周末双休 福利好”
492,python开发工程师[西安·高新技术产业开发区],11k-14k,11k-14k经验3-5年 / 本科,Altran （亚创）,专业服务｜咨询 / 上市公司 / 2000人以上,年底双薪/专项奖金/带薪年假/绩效奖金,“python开发”
493,Python开发工程师[南京·开发区],5k-10k,5k-10k经验1-3年 / 本科,畅淼科技,"人工智能,软件开发 / 不需要融资 / 15-50人",数学/统计学相关专业/软件服务｜咨询/机器学习算法/工程化经验/计算机相关专业/业务导向,“高速发展”
494,Python开发工程师[佛山·桂城],8k-15k,8k-15k经验3-5年 / 本科,众图互联,"企业服务,数据服务 / 不需要融资 / 50-150人",人工智能服务/IT技术服务｜咨询,"“前沿科技,人工智能”"
495,Python[北京·通州区],10k-16k,10k-16k经验1-3年 / 本科,码博科技,"数据服务｜咨询,物联网 / 不需要融资 / 15-50人",绩效奖金,“开发物联网、大数据、智能制造应用”
496,python开发工程师[厦门·新店],15k-20k,15k-20k经验3-5年 / 不限,名林科技,"软件服务｜咨询,IT技术服务｜咨询 / 未融资 / 少于15人",软件服务｜咨询/自动化办公/模拟电脑操作/IT技术服务｜咨询,“独立开发能力”
497,python开发工程师[呼和浩特·赛罕区],10k-17k,10k-17k经验3-5年 / 本科,中环晶体,制造业 / 上市公司 / 2000人以上,能源｜矿产｜环保/大数据开发经验/机器学习算法/工程化经验,“发展前景”
498,python开发[杭州·拱墅区],7k-13k,7k-13k经验1-3年 / 本科,远帆科技,网络通信 / 不需要融资 / 15-50人,爬虫经验/C语言/计算机相关专业/网络通信,“发展空间 团队氛围 福利待遇”
499,python开发工程师[武汉·流芳],10k-20k,10k-20k经验3-5年 / 本科,速诺科技,"游戏,工具类产品 / 不需要融资 / 150-500人",游戏/计算机相关专业,“团队氛围好 营收健康”
500,python开发工程师[北京·亦庄],12k-15k,12k-15k经验不限 / 本科,数易科技,软件服务｜咨询 / 天使轮 / 15-50人,软件服务｜咨询/人工智能服务/计算机相关专业,“军工人工智能；职位晋升，五险一金；餐饮补贴”
501,python开发工程师[天津·华明],10k-12k,10k-12k经验3-5年 / 大专,南京迈特望科技股份有限公司,IT技术服务｜咨询 / 上市公司 / 500-2000人,爬虫经验/人工智能服务/机器学习算法/工程化经验/物联网,“项目稳定”
502,python开发工程师[武汉·武汉经济技术开发区],10k-18k,10k-18k经验1-3年 / 本科,中软国际科技服务有限公司,IT技术服务｜咨询 / 上市公司 / 2000人以上,软件服务｜咨询/IT技术服务｜咨询,“五险一金+双休+扁平化管理+晋升通道”
503,python[广州·大石],18k-30k,18k-30k经验不限 / 本科,北瓜藤子,"软件服务｜咨询,电商平台 / 不需要融资 / 15-50人",软件服务｜咨询/爬虫经验/工具类产品,“看能力薪资可谈”
504,Python开发工程师[南京·雨花台区],15k-25k,15k-25k经验1-3年 / 本科,华为技术有限公司,"智能硬件,IT技术服务｜咨询,制造业 / 不需要融资 / 2000人以上",数学/统计学相关专业/软件服务｜咨询/爬虫经验/机器学习算法/工程化经验/计算机相关专业,“钱途无量”
505,python开发工程师[济南·槐荫区],8k-15k,8k-15k经验1-3年 / 本科,万,"数据服务｜咨询,网络通信 / 不需要融资 / 15-50人",爬虫经验/IT技术服务｜咨询/网络通信,“技术大牛带队”
506,python开发工程师[北京·朝阳区],25k-50k,25k-50k经验3-5年 / 本科,中信银行,金融业 / 上市公司 / 150-500人,人工智能服务/工具类产品/.NET/javascript,“团队氛围好，工作稳定”
507,python开发工程师[长沙·岳麓区],11k-20k,11k-20k经验1-3年 / 本科,探月科技,"信息安全,休闲｜娱乐,游戏 / 未融资 / 50-150人",C++/爬虫经验/大数据开发经验/信息安全/游戏,“入职缴纳五险一金；双休国家法定节假日同步放”
508,python开发工程师[上海·潍坊],10k-20k,10k-20k经验1年以下 / 本科,玄信资产,科技金融 / 不需要融资 / 15-50人,科技金融/IT技术服务｜咨询,“发展前景好 年度体检 带薪年假 包工作午餐”
509,python开发工程师[深圳·大冲],8k-10k,8k-10k经验1-3年 / 本科,微创软件,IT技术服务｜咨询 / 不需要融资 / 2000人以上,IT技术服务｜咨询,“五险一金，周末双休”
510,python开发工程师[上海·静安区],15k-22k,15k-22k经验3-5年 / 本科,灰白科技,IT技术服务｜咨询 / 未融资 / 50-150人,科技金融,“某大型证券公司，职业稳定且有发展前途”
511,python开发工程师[北京·大山子],20k-30k,20k-30k经验5-10年 / 本科,热刺激光,智能硬件 / 未融资 / 500-2000人,软件服务｜咨询/制造业,“甲方公司，长远发展”
512,python开发工程师[上海·漕河泾],9k-13k,9k-13k经验1-3年 / 大专,微创软件,IT技术服务｜咨询 / 不需要融资 / 2000人以上,软件服务｜咨询,“五险一金，周末双休”
513,python开发工程师[北京·回龙观],20k-35k,20k-35k经验3-5年 / 本科,合十思维,"IT技术服务｜咨询,软件服务｜咨询,数据服务｜咨询 / 未融资 / 150-500人",软件服务｜咨询/人工智能服务,“技术创新，职业发展”
514,python工程师[北京·东四十条],5k-10k,5k-10k经验在校/应届 / 本科,信永中和,专业服务｜咨询 / 不需要融资 / 2000人以上,C++/科技金融/IT技术服务｜咨询,"“环境好,不加班,大公司”"
515,python开发工程师[北京·五道口],18k-25k,18k-25k经验1-3年 / 本科,长亭科技,人工智能服务 / 不需要融资 / 500-2000人,信息安全/IT技术服务｜咨询,“弹性工作 扁平化”
516,python开发工程师[东莞·大朗镇],15k-20k,15k-20k经验5-10年 / 本科,软通动力,IT技术服务｜咨询 / 不需要融资 / 2000人以上,智能硬件/IT技术服务｜咨询,“大厂外派 弹性打卡 周末双休”
517,python开发工程师[上海·北京东路],11k-12k,11k-12k经验1-3年 / 本科,加绩中国,企业服务 / 不需要融资 / 2000人以上,金融业,“国企 .不加班”
518,python开发[上海·徐汇区],11k-16k,11k-16k经验3-5年 / 本科,德科信息,物联网 / 不需要融资 / 2000人以上,金融业,“平安科技”
519,python开发工程师[深圳·大冲],18k-30k,18k-30k经验3-5年 / 大专,至婧科技,软件服务｜咨询 / 未融资 / 150-500人,电商平台,“奖金丰厚 股票期权 办公氛围好 同事Nice”
520,python开发工程师[北京·昌平区],15k-25k,15k-25k经验1-3年 / 本科,棱镜七彩,信息安全 / B轮 / 50-150人,JAVA/信息安全,“氛围好，环境好，福利nice”
521,python开发工程师[贵阳·南明区],8k-14k,8k-14k经验3-5年 / 本科,瞬息创联,软件服务｜咨询 / 未融资 / 15-50人,软件服务｜咨询,“五险一金，年终奖，加班福利”
522,Python开发工程师[北京·北京大学],15k-20k,15k-20k经验不限 / 本科,志诺维思,"人工智能服务,数据服务｜咨询 / B轮 / 15-50人",医疗｜保健｜美容,“牛人带队、弹性工作、五险一金、定期团建”
523,python开发工程师[成都·高新区],10k-20k,10k-20k经验3-5年 / 本科,四川汉科,IT技术服务｜咨询 / 不需要融资 / 150-500人,软件服务｜咨询/C++/人工智能服务/人工智能/算法实施,“员工福利多，行业前景好，管理人性化”
524,python开发工程师[北京·万寿寺],9k-15k,9k-15k经验不限 / 大专,广州新晨,IT技术服务｜咨询 / 上市公司 / 50-150人,软件服务｜咨询/科技金融,“五险一金，周末双休”
525,python开发[上海·松江区],13k-17k,13k-17k经验不限 / 不限,金松瑞科,"软件服务｜咨询,IT技术服务｜咨询,人工智能服务 / 未融资 / 15-50人",JAVA/软件服务｜咨询/C++/人工智能服务,“弹性工作”
526,python开发[佛山·桂城],9k-14k,9k-14k经验1-3年 / 本科,赞同科技,"软件服务｜咨询,数据服务｜咨询 / 不需要融资 / 2000人以上",数据服务｜咨询,“五险一金，周末双休”
527,python工程师[深圳·福田区],9k-18k,9k-18k经验不限 / 大专,魔拟科技,"MCN｜直播平台,IT技术服务｜咨询,人工智能服务 / 不需要融资 / 500-2000人",软件服务｜咨询/人工智能服务,“Python”
528,python开发工程师[上海·浦东新区],15k-25k,15k-25k经验在校/应届 / 本科,麦穗人工智能,专业服务｜咨询 / B轮 / 50-150人,Shell,“周末双休、十点上班、咖啡零食、macbook pro”
529,python开发工程师[衡水·桃城区],6k-9k,6k-9k经验3-5年 / 大专,河北惠途,其他 / 未融资 / 15-50人,软件服务｜咨询/专业服务｜咨询,“你的开发建议将备受重视，这事儿你说了算”
530,python开发工程师[张家口·蔚县],6k-10k,6k-10k经验1-3年 / 本科,蔚县铭裕,"软件服务｜咨询,IT技术服务｜咨询 / 未融资 / 15-50人",软件服务｜咨询/IT技术服务｜咨询,“晋升空间大，人际关系简单，氛围好”
531,python开发工程师[广州·黄埔区],5k-8k,5k-8k经验1年以下 / 本科,滴石文化,"IT技术服务｜咨询,网络通信,信息安全 / 未融资 / 少于15人",IT技术服务｜咨询/网络通信,“急招”
532,python开发[北京·西城区],20k-35k,20k-35k经验5-10年 / 不限,安技汇,人工智能服务 / 未融资 / 少于15人,人工智能服务/信息安全,“向往的自由”
533,python工程师[武汉·江夏区],15k-25k,15k-25k经验3-5年 / 本科,探越科技,IT技术服务｜咨询 / 未融资 / 15-50人,爬虫/人工智能/AI/Ai,“抓住 AI 应用最佳窗口期”
534,python开发工程师[北京·望京],15k-30k,15k-30k经验1-3年 / 本科,即刻卡时,"移动互联网,金融 / A轮 / 50-150人",科技金融,“年轻团队，舒适自由，下午茶”
535,python开发工程师[合肥·蜀山区],10k-15k,10k-15k经验3-5年 / 本科,聚名科技,"IT技术服务｜咨询,软件服务｜咨询,数据服务｜咨询 / 不需要融资 / 150-500人",IT技术服务｜咨询,“90后团队，环境舒适，商圈繁华”
536,python开发工程师[合肥·蜀山区],10k-15k,10k-15k经验3-5年 / 本科,聚名科技,"IT技术服务｜咨询,软件服务｜咨询,数据服务｜咨询 / 不需要融资 / 150-500人",IT技术服务｜咨询,“python”
537,python开发工程师[上海·长宁区],20k-35k,20k-35k经验3-5年 / 本科,westwell西井科技,人工智能服务 / D轮及以上 / 500-2000人,人工智能服务/物联网,“弹性工作/团队氛围好/扁平化管理”
538,python开发工程师[上海·陆家嘴],13k-18k,13k-18k经验1-3年 / 本科,京北方,IT技术服务｜咨询 / 上市公司 / 2000人以上,IT技术服务｜咨询,“元宇宙 五险一金”
539,python开发工程师[重庆·渝北区],12k-18k,12k-18k经验3-5年 / 大专,坚持一下科技,"软件服务｜咨询,IT技术服务｜咨询,人工智能服务 / 天使轮 / 15-50人",数学/统计相关/软件服务｜咨询/MongoDB/计算机相关专业,“发展前景好”
540,python开发工程师[重庆·寸滩],5k-6k,5k-6k经验不限 / 不限,赶车科技,"移动互联网,企业服务 / 未融资 / 15-50人",Hive/Clickhouse/汽车交易平台/Hbase/数据服务｜咨询,“五险、双休、国定节假日”
541,python工程师[北京·朝阳门],10k-20k,10k-20k经验1-3年 / 本科,多变,"社交平台,内容社区,社交媒体 / 未融资 / 50-150人",人工智能服务,“AIGC/成长快”
542,python开发工程师[北京·朝阳区],15k-25k,15k-25k经验3-5年 / 本科,热刺激光,智能硬件 / 未融资 / 500-2000人,,“领导nice，全额五险一金，免费包餐，”
543,python开发工程师[广州·东山口],11k-15k,11k-15k经验3-5年 / 本科,珑玺信息,广告营销 / 未融资 / 15-50人,广告/人工智能服务,“AI技术开发”
544,python开发工程师[深圳·福田区],9k-11k,9k-11k经验1-3年 / 大专,创富港,"居住服务,社交平台 / 上市公司 / 500-2000人",房地产｜建筑｜物业/软件服务｜咨询,“团队氛围佳”
545,python工程师[北京·朝阳门],10k-20k,10k-20k经验1-3年 / 本科,有家有保,"移动互联网,金融 / 天使轮 / 15-50人",人工智能服务,“AIGC/创业公司/成长快”
546,python工程师[无锡·锡山区],12k-22k,12k-22k经验1-3年 / 本科,语核科技,人工智能服务 / 天使轮 / 15-50人,工具类产品,“AI领域创业公司，团队具有丰富经验”
547,python开发工程师[上海·徐汇区],35k-55k,35k-55k经验5-10年 / 本科,信创电子,IT技术服务｜咨询 / 不需要融资 / 50-150人,科技金融/金融业,“券商行业 稳定 奖金多”
548,python开发工程师[南京·铁心桥],13k-15k,13k-15k经验3-5年 / 本科,南京科澜特信息技术有...,"IT技术服务｜咨询,制造业,能源｜矿产｜环保 / 天使轮 / 少于15人",社交平台/电商平台,“非外包项目。”
549,python开发工程师[成都·锦江区],13k-18k,13k-18k经验3-5年 / 大专,莱嗯信息技术,"软件服务｜咨询,生活服务,专业服务｜咨询 / 未融资 / 15-50人",后端开发,“团队稳定，产品长期盈利，全额五险一金”
550,python开发工程师[西安·未央区],9k-13k,9k-13k经验3-5年 / 本科,北纬四十度,"软件服务｜咨询,IT技术服务｜咨询,贸易｜进出口 / 未融资 / 50-150人",贸易｜进出口,“注重人才培养，提供完善的福利待遇”
551,python开发[北京·北下关],15k-18k,15k-18k经验3-5年 / 本科,JETTECH,"金融,其他 / 上市公司 / 2000人以上",JAVA/金融业,“长期项目、六险一金、”
552,python开发工程师[北京·望京],14k-17k,14k-17k经验3-5年 / 本科,北京捷科,IT技术服务｜咨询 / 上市公司 / 2000人以上,软件服务｜咨询,“Python”
553,python工程师[武汉·东亭],7k-10k,7k-10k经验3-5年 / 本科,鸾鸟网络,"软件服务｜咨询,IT技术服务｜咨询 / 未融资 / 少于15人",软件服务｜咨询/数据服务｜咨询,“发展前景广阔”
554,python开发工程师[武汉·街道口],6k-12k,6k-12k经验不限 / 本科,展识科技,"数据服务｜咨询,IT技术服务｜咨询 / 不需要融资 / 15-50人",软件服务｜咨询/数据服务｜咨询,“五险一金 周末双休 无加班”
555,python开发工程师[苏州·昆山市],9k-18k,9k-18k经验3-5年 / 本科,卓曜智能,"人工智能服务,智能硬件,制造业 / 未融资 / 15-50人",软件服务｜咨询/物联网,“行业发展前景好、弹性工作、公司氛围好”
556,python开发工程师[上海·虹口区],15k-25k,15k-25k经验1-3年 / 本科,坤望私募基金,"金融业,人工智能服务,软件服务｜咨询 / 未融资 / 少于15人",软件服务｜咨询/金融业,“朝九晚六，薪资丰厚，团队有活力”
557,python开发工程师[商丘·睢阳区],5k-10k,5k-10k经验3-5年 / 大专,奥蓝网络,IT技术服务｜咨询 / 未融资 / 15-50人,人工智能服务/物联网,“管理宽松 同事Nice”
558,python开发工程师[上海·漕河泾],12k-15k,12k-15k经验1-3年 / 本科,樱桃互动,"移动互联网,广告营销 / 天使轮 / 50-150人",软件服务｜咨询,“行业前沿，氛围好，有成长空间”
559,python开发工程师[深圳·龙岗区],15k-25k,15k-25k经验不限 / 本科,华为技术有限公司,"智能硬件,IT技术服务｜咨询,制造业 / 不需要融资 / 2000人以上",软件服务｜咨询/IT技术服务｜咨询,“薪资待遇具有竞争力，职业发展前景好”
560,python开发工程师[北京·西二旗],15k-25k,15k-25k经验不限 / 本科,华为技术有限公司,"智能硬件,IT技术服务｜咨询,制造业 / 不需要融资 / 2000人以上",软件服务｜咨询/IT技术服务｜咨询,“薪资待遇具有竞争力，职业发展前景好”
561,python开发工程师[深圳·光明区],13k-17k,13k-17k经验1-3年 / 大专,深圳脉山龙,数据服务 / 不需要融资 / 150-500人,软件服务｜咨询/IT技术服务｜咨询,“周末双休”
562,python开发工程师[西安·雁塔区],13k-18k,13k-18k经验3-5年 / 本科,信华信技术（昆山）有限公司,软件服务｜咨询 / 未融资 / 500-2000人,人工智能服务/IT技术服务｜咨询,“薪资nice、福利完善”
563,python开发[上海·七宝],15k-22k,15k-22k经验1-3年 / 本科,奇安信集团,信息安全 / 上市公司 / 2000人以上,信息安全,“团队氛围，技术成长”
564,python开发[安阳·文峰区],10k-15k,10k-15k经验在校/应届 / 本科,小角牛食品,"智能硬件,软件服务｜咨询,区块链 / 未融资 / 少于15人",房地产｜建筑｜物业/社交平台,“未来已来，还在等什么？”
565,python开发工程师[成都·高新区],18k-28k,18k-28k经验5-10年 / 大专,成都兴能金通科技有限公司,移动互联网 / 不需要融资 / 15-50人,物联网/物流｜运输,“项目稳定，不用考虑资金问题，团队和谐有趣”
566,python工程师[北京·永定],6k-12k,6k-12k经验不限 / 本科,北京迈迪培尔信息技术有限公司,医疗丨健康 / 天使轮 / 15-50人,人工智能服务/爬虫架构/图像处理/后端/数据库,“周末双休 、餐补、定期体检 、节日福利”
567,python开发工程师[西安·雁塔区],12k-19k,12k-19k经验3-5年 / 本科,大连华信计算机,"移动互联网,电商 / 上市公司 / 2000人以上",Shell/人工智能服务/IT技术服务｜咨询,“python、薪资nice、福利完善”
568,python开发工程师[深圳·西丽],20k-40k,20k-40k经验5-10年 / 本科,嘉信建设集团,房产家居 / 不需要融资 / 500-2000人,电商平台,“定期绩效调薪 内部定期培训 发展空间大”
569,python[武汉·关山],8k-15k,8k-15k经验1-3年 / 大专,飞脉科技,数据服务｜咨询 / 未融资 / 15-50人,技能培训/年底双薪/股票期权/带薪年假,"“大数据,AI,自动化”"
570,python开发工程师[西安·雁塔区],15k-25k,15k-25k经验不限 / 本科,华为技术有限公司,"智能硬件,IT技术服务｜咨询,制造业 / 不需要融资 / 2000人以上",软件服务｜咨询/IT技术服务｜咨询,“薪资待遇具有竞争力，职业发展前景好”
571,python开发工程师[上海·浦东新区],12k-24k,12k-24k经验1-3年 / 本科,威廉欧奈尔中国,"移动互联网,金融 / 未融资 / 15-50人",软件服务｜咨询,“五险一金、团建旅游、节日福利、英语环境”
572,python开发工程师[北京·和平里],15k-20k,15k-20k经验不限 / 本科,VTECH,"IT技术服务｜咨询,生活服务 / A轮 / 50-150人",JAVA/旅游｜出行/IT技术服务｜咨询,“扁平化”
573,python工程师[深圳·光明区],25k-50k,25k-50k经验3-5年 / 本科,和润达,制造业 / 天使轮 / 150-500人,制造业/物联网,“团队优秀，办公环境优美”
574,python开发工程师[西安·雁塔区],9k-15k,9k-15k经验1-3年 / 本科,中软国际科技服务有限公司,IT技术服务｜咨询 / 上市公司 / 2000人以上,IT技术服务｜咨询,“Python”
575,python开发工程师[西安·雁塔区],15k-30k,15k-30k经验不限 / 本科,中软国际科技服务有限公司,IT技术服务｜咨询 / 上市公司 / 2000人以上,IT技术服务｜咨询,“华为深度合作方”
576,python开发工程师[深圳·龙华新区],15k-25k,15k-25k经验3-5年 / 大专,万博时代,"电商平台,营销服务｜咨询,制造业 / 未融资 / 150-500人",电商平台,“自研项目，团队氛围好，公司年轻化”
577,python开发工程师[广州·黄埔区],9k-12k,9k-12k经验1-3年 / 大专,天锐医健,数据服务｜咨询 / 未融资 / 50-150人,软件服务｜咨询/在线医疗,“五险一金，平台好”
578,python开发工程师[济南·洪家楼],8k-12k,8k-12k经验1-3年 / 本科,晓邻,"社交平台,内容社区 / 不需要融资 / 50-150人",软件服务｜咨询,“五险 带薪年假 法定节假日 节日福利”
579,python开发工程师[南京·宁南],10k-16k,10k-16k经验5-10年 / 本科,神州云合数据科技发展有限公司,"移动互联网,企业服务 / 不需要融资 / 150-500人",软件服务｜咨询/网络爬虫技术/电商平台,“公司氛围好 团建多 发展空间大”
580,python开发工程师[北京·五道口],15k-30k,15k-30k经验不限 / 本科,平方和投资,金融业 / 不需要融资 / 15-50人,金融业,“扁平化管理，团队氛围，发展空间”
581,python开发工程师[济南·天桥区],13k-26k,13k-26k经验3-5年 / 本科,慧诚集团,"软件服务｜咨询,人工智能服务,IT技术服务｜咨询 / 未融资 / 15-50人",软件服务｜咨询/人工智能服务,“可在家办公”
582,python开发[昆明·西山区],10k-18k,10k-18k经验3-5年 / 本科,陌壳,营销服务｜咨询 / 不需要融资 / 少于15人,软件服务｜咨询/内容资讯,“不加班”
583,python[北京·海淀区],15k-22k,15k-22k经验不限 / 不限,西安英荟烁,教育｜培训 / 未融资 / 150-500人,JAVA/教育｜培训/软件服务｜咨询/C++/C语言,“班车接送”
584,python[广州·天河区],15k-22k,15k-22k经验不限 / 大专,西安英荟烁,教育｜培训 / 未融资 / 150-500人,JAVA/教育｜培训/软件服务｜咨询/C++/C语言,“班车接送”
585,python开发工程师[深圳·龙岗区],10k-18k,10k-18k经验1-3年 / 本科,中软国际科技服务有限公司,IT技术服务｜咨询 / 上市公司 / 2000人以上,shell/IT技术服务｜咨询,“Python开发”
586,Python开发[广州·天河区],10k-15k,10k-15k经验1-3年 / 本科,北京时空立方,游戏 / 未融资 / 500-2000人,工具类产品,“年终奖、绩效奖、餐补、五险一金、免费班车”
587,python开发工程师[上海·闵行区],12k-24k,12k-24k经验1-3年 / 本科,观源科技,信息安全 / A轮 / 50-150人,人工智能服务/信息安全,"“优秀者请投递,博士指导”"
588,python开发工程师[深圳·大冲],14k-19k,14k-19k经验3-5年 / 大专,同和科技,"移动互联网,金融 / 不需要融资 / 500-2000人",金融业,“早九晚六 双休 班车”
589,python开发工程师[北京·立水桥],18k-36k,18k-36k经验不限 / 本科,途游,游戏 / B轮 / 500-2000人,游戏,“年终奖 绩效奖金”
590,Python开发工程师[广州·越秀区],20k-40k,20k-40k经验不限 / 本科,南方报业,文化传媒 / 不需要融资 / 2000人以上,爬虫/内容社区/数据服务｜咨询,“国企，互联网氛围，965，稳定环境，年金+商业险”
591,python开发工程师[西安·雁塔区],15k-30k,15k-30k经验不限 / 本科,华为,"IT技术服务｜咨询,智能硬件,网络通信 / 不需要融资 / 2000人以上",IT技术服务｜咨询,“高薪”
592,python开发工程师[成都·双楠],18k-25k,18k-25k经验3-5年 / 本科,四川凯普顿信息技术股份有限公司,其他 / 上市公司 / 50-150人,软件服务｜咨询/人工智能服务,“公司氛围好、福利待遇高、上升空间大”
593,python开发工程师[成都·金牛区],10k-15k,10k-15k经验不限 / 大专,北京瑞联,"移动互联网,电商 / D轮及以上 / 500-2000人",软件服务｜咨询/C语言/数据服务｜咨询,“五险一金 双休不加班”
594,python开发工程师[南京·大学城],10k-17k,10k-17k经验1-3年 / 本科,软通动力,IT技术服务｜咨询 / 不需要融资 / 2000人以上,IT技术服务｜咨询,“周末双休”
595,python开发工程师[上海·嘉定区],15k-30k,15k-30k经验1-3年 / 本科,指南车数据,"数据服务｜咨询,软件服务｜咨询 / 未融资 / 15-50人",RabbitMQ/软件服务｜咨询/人工智能服务/Docker/Fastapi,“晋升，调薪，法定假日”
596,python开发工程师[武汉·洪山区],10k-15k,10k-15k经验1-3年 / 本科,中软国际科技服务有限公司,IT技术服务｜咨询 / 上市公司 / 2000人以上,爬虫/智能硬件/工具类产品,“五天8小时工作制，周末双休，班车”
597,python开发工程师[北京·大兴区],20k-40k,20k-40k经验5-10年 / 本科,优解未来,"软件服务｜咨询,人工智能服务,物联网 / 天使轮 / 15-50人",JAVA/软件服务｜咨询/C++,“行业前景好，发展快”
598,python开发[深圳·新洲],15k-20k,15k-20k经验3-5年 / 本科,新致软件,软件服务｜咨询 / 上市公司 / 2000人以上,科技金融,“双休 年终奖”
599,Python开发[南京·开发区],10k-20k,10k-20k经验1-3年 / 大专,四川众航,"IT技术服务｜咨询,软件服务｜咨询 / 未融资 / 15-50人",制造业,“五险一金”
600,python开发工程师[广州·番禺区],9k-14k,9k-14k经验1-3年 / 大专,赛意,IT技术服务｜咨询 / 上市公司 / 2000人以上,IT技术服务｜咨询,“弹性考勤”
601,python开发工程师[南京·江宁区],10k-20k,10k-20k经验不限 / 大专,米球文化,"软件服务｜咨询,IT技术服务｜咨询 / 未融资 / 50-150人",软件服务｜咨询,“双休”
602,python开发工程师[重庆·南岸区],7k-14k,7k-14k经验1-3年 / 大专,药智网,数据服务｜咨询 / A轮 / 150-500人,MySQL/python爬虫/数据服务｜咨询,“周末双休、节日礼品、五险一金”
603,python开发工程师[上海·陆家嘴],15k-30k,15k-30k经验在校/应届 / 本科,言羽科技,"软件服务｜咨询,IT技术服务｜咨询,人工智能服务 / 不需要融资 / 50-150人",软件服务｜咨询/IT技术服务｜咨询,“发展前景”
604,python开发工程师[深圳·坂田],12k-20k,12k-20k经验3-5年 / 本科,佰特创新,电商平台 / 不需要融资 / 150-500人,软件服务｜咨询/IT技术服务｜咨询,“牛人带队”
605,python开发工程师[北京·大兴区],20k-40k,20k-40k经验3-5年 / 本科,优解未来,"软件服务｜咨询,人工智能服务,物联网 / 天使轮 / 15-50人",JAVA/软件服务｜咨询/C++/人工智能服务/C语言,“前景好、发展快”
606,Python开发工程师[济南·市中区],8k-15k,8k-15k经验1-3年 / 本科,汇智科技,智能硬件 / 不需要融资 / 150-500人,能源｜矿产｜环保/IT技术服务｜咨询,“国网项目”
607,python开发工程师[杭州·浦沿],5k-10k,5k-10k经验不限 / 本科,杭州代码狗,IT技术服务｜咨询 / 不需要融资 / 15-50人,软件服务｜咨询/工具类产品,“团队技术氛围好”
608,Python开发[上海·方松],15k-25k,15k-25k经验3-5年 / 本科,深圳华秋电子有限公司,"电商平台,内容资讯 / C轮 / 500-2000人",内容资讯/电商平台,“核心项目 蓝海 晋升空间大 领导好”
609,python开发工程师[杭州·西溪],12k-24k,12k-24k经验不限 / 本科,五色云,"企业服务,电商 / 不需要融资 / 15-50人",JAVA/软件服务｜咨询,“技术大牛带队，周末双休，五险一金”
610,python开发工程师[北京·大望路],15k-20k,15k-20k经验1-3年 / 本科,人民在线,数据服务｜咨询 / 不需要融资 / 150-500人,JAVA/数据服务｜咨询,“工作环境团队氛围好，晋升空间大”
611,python开发工程师[西安·高新技术产业开发区],15k-30k,15k-30k经验不限 / 本科,华为技术有限公司,"智能硬件,IT技术服务｜咨询,制造业 / 不需要融资 / 2000人以上",JAVA/软件服务｜咨询/C++/C语言/数据服务｜咨询,“高薪，技术空间大，团队氛围优”
612,python开发工程师[苏州·独墅湖],13k-18k,13k-18k经验1-3年 / 大专,Taidii,IT技术服务｜咨询 / A轮 / 15-50人,软件服务｜咨询/在线教育/ORM,“稳定 不加班 双休 前景好”
613,python开发[武汉·光谷],8k-15k,8k-15k经验3-5年 / 本科,海岸跃动,"IT技术服务｜咨询,营销服务｜咨询 / 未融资 / 50-150人",新媒体/IT技术服务｜咨询,“五险一金、扁平化管理、下午茶零食”
614,python开发工程师[西安·雁塔区],15k-30k,15k-30k经验不限 / 本科,西安华为技术有限公司,"物联网,智能硬件 / 不需要融资 / 2000人以上",物联网,“市场前景广阔，工作生活平衡，个人发展快”
615,python开发工程师[深圳·福田区],15k-30k,15k-30k经验3-5年 / 本科,米倪网络,科技金融 / 未融资 / 15-50人,科技金融/GO,“五险一金，周末双休，项目激励，不内卷”
616,python开发工程师[北京·海淀区],20k-25k,20k-25k经验1-3年 / 硕士,中科院自动化所,人工智能服务 / 不需要融资 / 2000人以上,人工智能服务,“优秀科研团队”
617,python开发工程师[上海·徐汇区],11k-20k,11k-20k经验1-3年 / 本科,UPAPP,"移动互联网,企业服务 / 未融资 / 50-150人",物联网,“生日会 节日福利等等”
618,python开发工程师[广州·天河区],15k-20k,15k-20k经验3-5年 / 本科,发业信息,专业服务｜咨询 / 未融资 / 50-150人,IT技术服务｜咨询/专业服务｜咨询,“发展前景、人性化管理”
619,python开发工程师[广州·番禺区],5k-6k,5k-6k经验1-3年 / 大专,云纳信息,IT技术服务｜咨询 / 未融资 / 少于15人,人工智能服务/物联网,“发展前景 领导很nice 上班比较自由”
620,python开发工程师[郑州·管城回族区],10k-13k,10k-13k经验3-5年 / 本科,臻宇科技,"软件服务｜咨询,IT技术服务｜咨询 / 不需要融资 / 15-50人",软件服务｜咨询,“工作氛围轻松愉快”
621,python开发工程师[广州·番禺区],10k-15k,10k-15k经验1-3年 / 本科,广州南田互联网科技有限公司,移动互联网 / 未融资 / 50-150人,互联网/IT技术服务｜咨询,“双休、福利多、五险一金、餐补房补、下午茶、团建”
622,python开发工程师[北京·王府井],18k-25k,18k-25k经验3-5年 / 本科,威力强化,游戏 / 不需要融资 / 500-2000人,Typescript/HTML5/Javascript/游戏,“五险一金，周末双休，弹性打卡，小而美”
623,python开发工程师[潍坊·寒亭区],8k-15k,8k-15k经验1-3年 / 本科,普华汇金,"专业服务｜咨询,软件服务｜咨询,IT技术服务｜咨询 / 未融资 / 15-50人",IT技术服务｜咨询,“年终奖”
624,python开发工程师[东莞·东莞市市辖区],7k-12k,7k-12k经验3-5年 / 不限,广东堡塔安全技术有限公司,"软件服务｜咨询,信息安全 / 天使轮 / 15-50人",软件服务｜咨询,“包吃”
625,python开发工程师[贵阳·花溪区],7k-10k,7k-10k经验1-3年 / 本科,数安智能,企业服务 / A轮 / 15-50人,人工智能服务,“年终奖，带薪年假，节日福利”
626,python开发工程师[郑州·金水区],2k-3k,2k-3k经验10年以上 / 本科,数能软件,"软件服务｜咨询,数据服务｜咨询 / 未融资 / 15-50人",软件服务｜咨询,“无”
627,python开发工程师[郑州·金水区],2k-3k,2k-3k经验10年以上 / 博士,数能软件,"软件服务｜咨询,数据服务｜咨询 / 未融资 / 15-50人",软件服务｜咨询/数据服务｜咨询,“无”
628,python开发工程师[北京·小关],18k-30k,18k-30k经验3-5年 / 本科,众趣,移动互联网 / A轮 / 50-150人,人工智能服务/智能硬件,“元宇宙行业，B轮融资，团队氛围极好”
629,python开发工程师[北京·海淀区],7k-10k,7k-10k经验在校/应届 / 本科,安全共识,信息安全 / A轮 / 50-150人,信息安全,“氛围轻松；弹性工作；不打卡；”
630,python开发工程师[北京·四惠],10k-15k,10k-15k经验3-5年 / 本科,恒智数科,"人工智能服务,IT技术服务｜咨询,数据服务｜咨询 / 未融资 / 50-150人",JAVA/人工智能服务/数据服务｜咨询,“提升前景大，升值空间足”
631,python开发工程师[北京·西北旺],10k-12k,10k-12k经验1-3年 / 本科,博奥瑞,"物联网,制造业 / 未融资 / 50-150人",制造业/物联网,“五险一金，13-15薪”
632,Python开发工程师[上海·张江],8k-15k,8k-15k经验不限 / 本科,直觉,数据服务｜咨询 / A轮 / 15-50人,年底双薪/专项奖金/绩效奖金/股票期权,“发展空间，快速成长，股份期权，前沿技术”
633,python开发工程师[苏州·吴中区],15k-30k,15k-30k经验3-5年 / 本科,赛纳吉咨询服务,"专业服务｜咨询,数据服务｜咨询,软件服务｜咨询 / 未融资 / 15-50人",软件服务｜咨询/数据服务｜咨询,“扬帆未来”
634,python开发工程师[北京·七里庄],20k-30k,20k-30k经验3-5年 / 本科,云庐科技,数据服务｜咨询 / B轮 / 150-500人,软件服务｜咨询/C++,“大牛带队，六险一金，春节超长放假”
635,Python开发工程师[厦门·思明区],3k-4k,3k-4k经验在校/应届 / 本科,睿云联,智能硬件 / 不需要融资 / 150-500人,智能硬件/物联网,“前景好，成长快，氛围好”
636,python开发[北京·建国门],4k-6k,4k-6k经验在校/应届 / 本科,景生星月信息科技,"软件服务｜咨询,人工智能服务,科技金融 / 未融资 / 15-50人",软件服务｜咨询/科技金融,“实习转正机会 发展空间大 节日福利 定期团建”
637,python开发工程师[深圳·科技园],7k-12k,7k-12k经验在校/应届 / 本科,惠群数据,"移动互联网,社交 / 天使轮 / 15-50人",社交平台/k8s/容器技术/电商平台,“双休，技术提升，大牛带领”
638,python开发工程师[北京·北下关],7k-8k,7k-8k经验在校/应届 / 本科,华美汉盛,IT技术服务｜咨询 / 未融资 / 50-150人,IT技术服务｜咨询,“弹性工作、公司氛围好、年终奖金”
639,python开发工程师[北京·北下关],7k-8k,7k-8k经验在校/应届 / 本科,华美汉盛,IT技术服务｜咨询 / 未融资 / 50-150人,软件服务｜咨询/IT技术服务｜咨询,“弹性工作、公司氛围好、年终奖金”
640,python开发工程师[杭州·上城区],4k-8k,4k-8k经验在校/应届 / 本科,问点事,"软件服务｜咨询,数据服务｜咨询,IT技术服务｜咨询 / 未融资 / 15-50人",软件服务｜咨询/数据服务｜咨询,“年终奖金、培训提升、发展前景”
641,python开发工程师[成都·柳江],10k-15k,10k-15k经验5-10年 / 大专,运荔枝科技,软件开发 / 不需要融资 / 50-150人,物流平台,“团队氛围好 晋升空间大”
642,python开发工程师[西安·雁塔区],8k-13k,8k-13k经验在校/应届 / 本科,远江盛邦（北京）网络安全科技股份有限公司,信息安全 / 不需要融资 / 150-500人,信息安全,“行业前景好 晋升快”
643,Python开发工程师[广州·柯木塱村],10k-15k,10k-15k经验1-3年 / 本科,易度信息,其他 / 不需要融资 / 15-50人,软件服务｜咨询/IT技术服务｜咨询/专业服务｜咨询,“创新团队，规范管理，全面提升”
644,python开发工程师[上海·浦东新区],17k-23k,17k-23k经验1-3年 / 本科,上海优宁维生物科技股份有限公司,制造业 / 上市公司 / 500-2000人,电商平台,“上市公司 技术大牛 甲方企业”
645,python工程师[深圳·南山区],9k-15k,9k-15k经验在校/应届 / 硕士,昇腾技术,"人工智能服务,物联网,专业服务｜咨询 / 不需要融资 / 15-50人",物联网,“技术牛人带队，发展前景好，工作学习两不误”
646,python开发工程师[沈阳·滨河],5k-10k,5k-10k经验在校/应届 / 本科,北斗云数字,"软件服务｜咨询,IT技术服务｜咨询,区块链 / 不需要融资 / 50-150人",IT技术服务｜咨询/数据服务｜咨询,“自主研发项目”
647,python开发工程师[北京·永定],6k-12k,6k-12k经验在校/应届 / 本科,北京迈迪培尔信息技术有限公司,医疗丨健康 / 天使轮 / 15-50人,人工智能服务,“五险一金、带薪年假、绩效奖金、员工体检”
648,python开发工程师[北京·海淀区],25k-35k,25k-35k经验3-5年 / 本科,音娱时光,MCN｜直播平台 / C轮 / 150-500人,MCN｜直播平台,“午餐晚餐，七险一金，扁平管理，免费健身”
649,python开发工程师[成都·桂溪],5k-10k,5k-10k经验在校/应届 / 本科,了了科技,"软件开发,信息安全 / 不需要融资 / 15-50人",区块链/数据服务｜咨询/软件开发,“公司具备良好的氛围，有助于自己能力的提升。”
650,python开发工程师[成都·高新区],12k-18k,12k-18k经验3-5年 / 本科,华信,"数据服务｜咨询,IT技术服务｜咨询 / 不需要融资 / 50-150人",软件服务｜咨询,“五险一金，年终奖，法定年假，法定假日福利”
651,Python开发工程师[青岛·崂山区],5k-8k,5k-8k经验不限 / 大专,青岛智力云人工智能科技有限公司,"软件服务｜咨询,数据服务｜咨询 / 不需要融资 / 15-50人",软件服务｜咨询/数据服务｜咨询,"“五险一金,免费班车,绩效奖金”"
652,python开发工程师[上海·静安区],15k-20k,15k-20k经验5-10年 / 本科,EDM,,,"“不加班,弹性工作,双休”"
653,python开发工程师[广州·增城区],6k-10k,6k-10k经验3-5年 / 本科,瑞丰科技,农林牧渔 / 不需要融资 / 150-500人,农林牧渔,"“五险一金,绩效奖金,定期体检”"
654,Python开发工程师[苏州·吴中区],13k-18k,13k-18k经验5-10年 / 本科,东吴在线（上海）金融信息服务有限公司,"电商平台,内容社区 / 不需要融资 / 50-150人",内容社区/电商平台,"“五险一金,绩效奖金,定期体检”"
655,Python开发工程师[武汉·东西湖区],10k-20k,10k-20k经验3-5年 / 硕士,中清控(武汉)科技有限公司,其他 / 不需要融资 / 50-150人,,"“五险一金,绩效奖金,定期体检”"
656,高级Python开发工程师（AI方向）[上海·嘉定区],12k-22k,12k-22k经验3-5年 / 本科,布廷恩（BUTTING),制造业 / 不需要融资 / 150-500人,制造业,"“五险一金,做五休二,员工旅游”"
657,python开发工程师[合肥·蜀山区],8k-16k,8k-16k经验1-3年 / 本科,新炬网络,,,"“五险一金,绩效奖金,方案”"
658,Python软件测试[成都·锦江区],6k-12k,6k-12k经验不限 / 本科,成都志合信蒙科技有限公司,,,"“氛围轻松,五险一金,年终奖”"
659,python数据开发工程师[北京·北七家],15k-30k,15k-30k经验1-3年 / 本科,北京指南针,科技金融 / 上市公司 / 500-2000人,科技金融,“上市公司”
660,python架构师[南京·雨花台区],20k-30k,20k-30k经验5-10年 / 本科,亚信科技,"软件服务｜咨询,IT技术服务｜咨询 / 上市公司 / 2000人以上",软件服务｜咨询/人工智能服务,“技术大牛”
661,python开发工程师[成都·青羊区],9k-14k,9k-14k经验1-3年 / 本科,四川威名,软件开发 / 不需要融资 / 15-50人,,"“五险一金,绩效奖金,方案”"
662,python工程师[上海·嘉定区],15k-30k,15k-30k经验1-3年 / 本科,布廷恩（BUTTING),制造业 / 不需要融资 / 150-500人,制造业,"“五险一金,做五休二,员工旅游”"
663,python开发工程师[北京·奥运村],7k-14k,7k-14k经验不限 / 本科,睿智思科,IT技术服务｜咨询 / 天使轮 / 15-50人,IT技术服务｜咨询/Ruby/数据服务｜咨询,“公司内部的薪酬机制非常灵活，成长空间很高”
664,117121-高级Python开发工程师[深圳·南山区],15k-25k,15k-25k经验1-3年 / 本科,平安科技,"科技金融,人工智能服务,软件服务｜咨询 / 上市公司 / 2000人以上",大数据/金融,"“五险一金,节日福利,带薪年假,绩效奖金”"
665,python大数据分析工程师[上海·闵行区],6k-12k,6k-12k经验1-3年 / 大专,领焰科技,,,"“五险一金,周末双休,专业培训”"
666,Python高级/资深开发工程师[北京·燕莎],30k-50k,30k-50k经验5-10年 / 本科,Veeva System维我软件,"软件服务｜咨询,IT技术服务｜咨询,医疗｜保健｜美容 / 上市公司 / 2000人以上",软件服务｜咨询/医疗｜保健｜美容,"“医疗领域Saas产品,竞争力的薪酬和多元化福利”"
667,AI工程师/python开发工程师[上海·闵行区],6k-12k,6k-12k经验不限 / 本科,领焰科技,,,"“五险一金,餐饮补贴,节日福利”"
668,Python开发工程师[武汉·汉南区],5k-8k,5k-8k经验1-3年 / 本科,旭日蓝天,,,"“五险一金,员工旅游,专业培训”"
669,python开发工程师[北京·朝阳区],13k-25k,13k-25k经验1-3年 / 本科,第三石科技,生活服务 / B轮 / 50-150人,后端/电商平台,“平台好 高精尖技术氛围”
670,python开发工程师(J10084)[中山·西区街道],10k-16k,10k-16k经验3-5年 / 本科,中山大洋电机股份有限公司,,,"“免费班车,五险一金,绩效奖金”"
671,python开发工程师[深圳·西丽],15k-18k,15k-18k经验3-5年 / 本科,深智无限,人工智能服务 / 未融资 / 少于15人,人工智能服务,“办公环境优，氛围好。”
672,python开发工程师[深圳·西丽],15k-30k,15k-30k经验不限 / 本科,领星,"软件服务｜咨询,数据服务｜咨询 / C轮 / 500-2000人",电商平台,“健康体检、团建、节日礼品、结婚礼、”
673,Python算法工程师[杭州·滨江区],10k-15k,10k-15k经验3-5年 / 本科,杭州辉电信息科技有限公司,,,“方案”
674,Python开发工程师[深圳·西丽],15k-30k,15k-30k经验1-3年 / 本科,领星,"软件服务｜咨询,数据服务｜咨询 / C轮 / 500-2000人",软件服务｜咨询/爬虫经验/大数据开发经验/计算机相关专业/电商平台,“晋升空间大”
675,Python开发工程师[武汉·东西湖区],10k-20k,10k-20k经验3-5年 / 硕士,中清控(武汉)科技有限公司,其他 / 不需要融资 / 50-150人,,"“五险一金,绩效奖金,定期体检”"
676,高级Python开发工程师（AI方向）[上海·嘉定区],12k-22k,12k-22k经验3-5年 / 本科,布廷恩（BUTTING),制造业 / 不需要融资 / 150-500人,制造业,"“五险一金,做五休二,员工旅游”"
677,python开发工程师[合肥·蜀山区],8k-16k,8k-16k经验1-3年 / 本科,新炬网络,,,"“五险一金,绩效奖金,方案”"
678,Python软件测试[成都·锦江区],6k-12k,6k-12k经验不限 / 本科,成都志合信蒙科技有限公司,,,"“氛围轻松,五险一金,年终奖”"
679,Python资深后端开发工程师[北京·朝阳区],30k-50k,30k-50k经验10年以上 / 本科,Veeva System维我软件,"软件服务｜咨询,IT技术服务｜咨询,医疗｜保健｜美容 / 上市公司 / 2000人以上",JAVA/Golang/软件服务｜咨询/架构设计/CRM,“多元化福利，行业领导者”
680,python数据开发工程师[北京·北七家],15k-30k,15k-30k经验1-3年 / 本科,北京指南针,科技金融 / 上市公司 / 500-2000人,科技金融,“上市公司”
681,python架构师[南京·雨花台区],20k-30k,20k-30k经验5-10年 / 本科,亚信科技,"软件服务｜咨询,IT技术服务｜咨询 / 上市公司 / 2000人以上",软件服务｜咨询/人工智能服务,“技术大牛”
682,python开发工程师[成都·青羊区],9k-14k,9k-14k经验1-3年 / 本科,四川威名,软件开发 / 不需要融资 / 15-50人,,"“五险一金,绩效奖金,方案”"
683,python工程师[上海·嘉定区],15k-30k,15k-30k经验1-3年 / 本科,布廷恩（BUTTING),制造业 / 不需要融资 / 150-500人,制造业,"“五险一金,做五休二,员工旅游”"
684,python开发工程师[北京·奥运村],7k-14k,7k-14k经验不限 / 本科,睿智思科,IT技术服务｜咨询 / 天使轮 / 15-50人,IT技术服务｜咨询/Ruby/数据服务｜咨询,“公司内部的薪酬机制非常灵活，成长空间很高”
685,117121-高级Python开发工程师[深圳·南山区],15k-25k,15k-25k经验1-3年 / 本科,平安科技,"科技金融,人工智能服务,软件服务｜咨询 / 上市公司 / 2000人以上",大数据/金融,"“五险一金,节日福利,带薪年假,绩效奖金”"
686,python大数据分析工程师[上海·闵行区],6k-12k,6k-12k经验1-3年 / 大专,领焰科技,,,"“五险一金,周末双休,专业培训”"
687,Python高级/资深开发工程师[北京·燕莎],30k-50k,30k-50k经验5-10年 / 本科,Veeva System维我软件,"软件服务｜咨询,IT技术服务｜咨询,医疗｜保健｜美容 / 上市公司 / 2000人以上",软件服务｜咨询/医疗｜保健｜美容,"“医疗领域Saas产品,竞争力的薪酬和多元化福利”"
688,AI工程师/python开发工程师[上海·闵行区],6k-12k,6k-12k经验不限 / 本科,领焰科技,,,"“五险一金,餐饮补贴,节日福利”"
689,Python开发工程师[武汉·汉南区],5k-8k,5k-8k经验1-3年 / 本科,旭日蓝天,,,"“五险一金,员工旅游,专业培训”"
690,python开发[西安·雁塔区],10k-15k,10k-15k经验3-5年 / 本科,科锐尔人力资源服务,企业服务 / 上市公司 / 2000人以上,软件服务｜咨询,“底薪+岗位津贴形式，社保按照底薪部分全额交”
691,python开发工程师[北京·五道口],40k-60k,40k-60k经验5-10年 / 本科,科锐福克斯,专业服务｜咨询 / 不需要融资 / 150-500人,科技金融,“公司平台知名，薪资待遇优厚”
692,python开发工程师[深圳·坂田],21k-25k,21k-25k经验1-3年 / 本科,科锐国际,专业服务｜咨询 / 上市公司 / 2000人以上,软件服务｜咨询/汽车交易平台,“大厂背景”
693,python开发工程师[深圳·坂田],20k-35k,20k-35k经验3-5年 / 本科,科锐国际,"专业服务｜咨询,MCN｜直播平台 / 上市公司 / 2000人以上",互联网,“2-4个月年终奖”
694,python开发工程师[苏州·虎丘区],15k-30k,15k-30k经验3-5年 / 本科,博猎企业管理咨询,服务业 / B轮 / 50-150人,软件服务｜咨询/Docker/IT技术服务｜咨询/Kubernetes,“七险两金”
695,python开发工程师[南京·草场门],15k-30k,15k-30k经验1-3年 / 本科,科锐国际,"专业服务｜咨询,MCN｜直播平台 / 上市公司 / 2000人以上",IT技术服务｜咨询/网络通信,“大厂，高薪，技术提升”
696,python开发工程师[深圳·坂田],15k-30k,15k-30k经验3-5年 / 本科,科锐国际,"工具类产品,IT技术服务｜咨询,专业服务｜咨询 / 上市公司 / 2000人以上",IT技术服务｜咨询,“大厂、五险一金、一对一带教”
697,python开发[宁波·镇海区],13k-23k,13k-23k经验不限 / 本科,卓伯咨询,专业服务｜咨询 / 不需要融资 / 50-150人,半导体,“朝阳行业，快速发展”
698,python开发工程师[深圳·华强北],30k-50k,30k-50k经验5-10年 / 本科,某大型互联网上市集团公司,,JAVA/金融业,“大公司 发展好”
699,python开发工程师[西安·雁塔区],15k-30k,15k-30k经验3-5年 / 本科,科锐国际,"工具类产品,IT技术服务｜咨询,专业服务｜咨询 / 上市公司 / 2000人以上",IT技术服务｜咨询,“大厂资源”
700,python开发工程师[北京·五道口],20k-30k,20k-30k经验不限 / 本科,睿资达,专业服务｜咨询 / 未融资 / 50-150人,JAVA/互联网/金融业,“头部私募量化投资企业，不加班，待遇好”
701,python开发工程师[成都·武侯区],15k-20k,15k-20k经验3-5年 / 本科,先路咨询,专业服务｜咨询 / 未融资 / 少于15人,游戏/IT技术服务｜咨询,“周末双休 朝九晚六 五险一金”
702,python开发工程师[东莞·松山湖管委会],13k-25k,13k-25k经验3-5年 / 本科,科锐尔人力资源服务,企业服务 / 上市公司 / 2000人以上,软件服务｜咨询/IT技术服务｜咨询,“六险一金”
703,python开发工程师[广州·东圃],20k-40k,20k-40k经验5-10年 / 本科,先路咨询,专业服务｜咨询 / 未融资 / 少于15人,golang/linux/游戏,“五险一金 绩效奖金 加班补助 晋升空间大”
704,python开发工程师[北京·中关村],40k-60k,40k-60k经验3-5年 / 本科,某知名企业,,C++/金融业,“top私募 不卷 精英团队”
705,python开发工程师[深圳·坂田],15k-30k,15k-30k经验不限 / 本科,科锐国际,"工具类产品,IT技术服务｜咨询,专业服务｜咨询 / 上市公司 / 2000人以上",JAVA/C++/C语言/IT技术服务｜咨询,“接触大厂资源”
706,python开发工程师[深圳·福田区],20k-40k,20k-40k经验3-5年 / 本科,科锐国际,"专业服务｜咨询,MCN｜直播平台 / 上市公司 / 2000人以上",IT技术服务｜咨询/电商平台,“大厂急招 2-4年终 稳定”
707,python开发工程师[深圳·坂田],13k-26k,13k-26k经验不限 / 本科,科锐国际,"工具类产品,IT技术服务｜咨询,专业服务｜咨询 / 上市公司 / 2000人以上",软件服务｜咨询/IT技术服务｜咨询,“发展前景好、大厂工作”
708,python开发工程师[西安·雁塔区],20k-40k,20k-40k经验不限 / 本科,科锐国际,"专业服务｜咨询,MCN｜直播平台 / 上市公司 / 2000人以上",软件服务｜咨询/IT技术服务｜咨询,“大平台，长期稳定，待遇优厚，全额六险一金！”
709,python开发工程师[武汉·江夏区],15k-30k,15k-30k经验1-3年 / 本科,科锐尔人力资源服务,企业服务 / 上市公司 / 2000人以上,软件服务｜咨询/IT技术服务｜咨询,“全额社保公积金，2-4个月年终奖，高薪”
710,python开发工程师[深圳·坂田],15k-30k,15k-30k经验1-3年 / 本科,科锐尔人力资源服务,企业服务 / 上市公司 / 2000人以上,软件服务｜咨询/IT技术服务｜咨询,“全额社保公积金，2-4个月年终奖，高薪”
711,python开发[上海·浦东新区],12k-15k,12k-15k经验1-3年 / 本科,美钛技术服务（上海）有限公司,专业服务｜咨询 / 不需要融资 / 2000人以上,旅游｜出行,“薪资福利”
712,python开发[西安·雁塔区],20k-40k,20k-40k经验1-3年 / 本科,锐致咨询,企业服务 / 不需要融资 / 150-500人,IT技术服务｜咨询,“五险一金+奖金+年终奖”
713,python开发工程师[北京·西三旗],35k-50k,35k-50k经验不限 / 本科,某大型互联网公司,,电商平台/批发｜零售,“国家法定节假日、工作环境优美”
714,python开发工程师[北京·西三旗],30k-45k,30k-45k经验不限 / 本科,某知名互联网公司,,软件服务｜咨询,“团队强有发展前景”
715,python工程师[无锡·滨湖区],15k-25k,15k-25k经验不限 / 本科,某知名企业,,C++/C语言/智能制造,“即将上市，大牛带队，五险一金全额，加班少”
716,python开发工程师[苏州·高新区],20k-40k,20k-40k经验不限 / 本科,尚仕杰企业管理顾问,专业服务｜咨询 / 未融资 / 少于15人,软件服务｜咨询/网络通信,“福利待遇好”
717,python开发工程师[北京·西城区],40k-60k,40k-60k经验不限 / 本科,某公司,,专业服务｜咨询,“薪资高 待遇好”
718,python[北京·五道口],17k-30k,17k-30k经验3-5年 / 本科,某公司,,人工智能服务/在线教育,“双休不加班”
719,python开发工程师[上海·陆家嘴],25k-40k,25k-40k经验3-5年 / 硕士,睿资达,专业服务｜咨询 / 未融资 / 50-150人,科技金融,“国内头部量化私募”
720,python开发工程师[西安·雁塔区],15k-30k,15k-30k经验1-3年 / 本科,科锐尔人力资源服务,企业服务 / 上市公司 / 2000人以上,软件服务｜咨询/IT技术服务｜咨询,“全额社保公积金，2-4个月年终奖，高薪”
721,python开发工程师[西安·雁塔区],10k-20k,10k-20k经验不限 / 大专,科锐尔人力资源服务,企业服务 / 上市公司 / 2000人以上,软件服务｜咨询/人工智能服务,“全额社保”
722,python开发工程师[西安·雁塔区],16k-32k,16k-32k经验不限 / 本科,科锐国际,"工具类产品,IT技术服务｜咨询,专业服务｜咨询 / 上市公司 / 2000人以上",IT技术服务｜咨询,“薪资待遇好”
723,python开发工程师[西安·雁塔区],20k-40k,20k-40k经验不限 / 本科,科锐国际,"工具类产品,IT技术服务｜咨询,专业服务｜咨询 / 上市公司 / 2000人以上",IT技术服务｜咨询,“发展前景 六险一金 年终奖 大平台”
724,python开发工程师[上海·浦东新区],28k-40k,28k-40k经验5-10年 / 本科,仕进信息,专业服务｜咨询 / 不需要融资 / 500-2000人,JAVA/信息检索/科技金融,"“不加班, 弹性工作制”"
725,Python开发工程师[武汉·东西湖区],10k-20k,10k-20k经验3-5年 / 硕士,中清控(武汉)科技有限公司,其他 / 不需要融资 / 50-150人,,"“五险一金,绩效奖金,定期体检”"
726,高级Python开发工程师（AI方向）[上海·嘉定区],12k-22k,12k-22k经验3-5年 / 本科,布廷恩（BUTTING),制造业 / 不需要融资 / 150-500人,制造业,"“五险一金,做五休二,员工旅游”"
727,python开发工程师[合肥·蜀山区],8k-16k,8k-16k经验1-3年 / 本科,新炬网络,,,"“五险一金,绩效奖金,方案”"
728,Python软件测试[成都·锦江区],6k-12k,6k-12k经验不限 / 本科,成都志合信蒙科技有限公司,,,"“氛围轻松,五险一金,年终奖”"
729,Python资深后端开发工程师[北京·朝阳区],30k-50k,30k-50k经验10年以上 / 本科,Veeva System维我软件,"软件服务｜咨询,IT技术服务｜咨询,医疗｜保健｜美容 / 上市公司 / 2000人以上",JAVA/Golang/软件服务｜咨询/架构设计/CRM,“多元化福利，行业领导者”
730,python数据开发工程师[北京·北七家],15k-30k,15k-30k经验1-3年 / 本科,北京指南针,科技金融 / 上市公司 / 500-2000人,科技金融,“上市公司”
731,Python量化交易工程师[深圳·南山区],10k-20k,10k-20k经验3-5年 / 本科,时代互联,"软件服务｜咨询,数据服务｜咨询 / 不需要融资 / 50-150人",软件服务｜咨询/数据服务｜咨询,"“五险一金,绩效奖金,周末双休”"
732,测试工程师（python、自动化测试经验）[成都·双楠],12k-15k,12k-15k经验3-5年 / 本科,汇合,科技金融 / 不需要融资 / 2000人以上,Shell/测试工作经验/科技金融,“长期发展”
733,python架构师[南京·雨花台区],20k-30k,20k-30k经验5-10年 / 本科,亚信科技,"软件服务｜咨询,IT技术服务｜咨询 / 上市公司 / 2000人以上",软件服务｜咨询/人工智能服务,“技术大牛”
734,python全栈开发工程师[上海·浦东新区],25k-35k,25k-35k经验5-10年 / 本科,玖乾奕软件,IT技术服务｜咨询 / 不需要融资 / 15-50人,科技金融/金融业,“福利待遇佳~”
735,python开发工程师[西安·高新技术产业开发区],20k-40k,20k-40k经验3-5年 / 本科,科锐尔人力资源服务,企业服务 / 上市公司 / 2000人以上,网络通信,“优厚的福利待遇”
736,软件开发工程师（Python）[珠海·香洲区],7k-10k,7k-10k经验1-3年 / 本科,珠海鸿瑞,智能硬件 / 不需要融资 / 150-500人,智能硬件,"“五险一金,绩效奖金,定期体检”"
737,Python开发工程师[武汉·汉南区],5k-8k,5k-8k经验1-3年 / 本科,旭日蓝天,,,"“五险一金,员工旅游,专业培训”"
738,python web 工程师[成都·新都区],6k-10k,6k-10k经验1-3年 / 本科,SDLH,其他 / 不需要融资 / 50-150人,,"“五险一金,定期体检,免费工作餐”"
739,python程序员[北京·海淀区],6k-12k,6k-12k经验1-3年 / 大专,万象云,,,"“五险一金,绩效奖金,专业培训”"
740,python后端工程师[福州·晋安区],8k-15k,8k-15k经验1-3年 / 本科,三耀科技,网络通信 / 不需要融资 / 50-150人,网络通信,"“五险一金,团队氛围好,节假日福利”"
741,python开发工程师[广州·棠景],10k-12k,10k-12k经验3-5年 / 本科,广州南天,IT技术服务｜咨询 / 上市公司 / 500-2000人,JAVA/IT技术服务｜咨询/计算机相关专业,“双休、法定休假”
742,Python开发工程师[武汉·东西湖区],10k-20k,10k-20k经验3-5年 / 硕士,中清控(武汉)科技有限公司,其他 / 不需要融资 / 50-150人,,"“五险一金,绩效奖金,定期体检”"
743,高级Python开发工程师（AI方向）[上海·嘉定区],12k-22k,12k-22k经验3-5年 / 本科,布廷恩（BUTTING),制造业 / 不需要融资 / 150-500人,制造业,"“五险一金,做五休二,员工旅游”"
744,python开发工程师[合肥·蜀山区],8k-16k,8k-16k经验1-3年 / 本科,新炬网络,,,"“五险一金,绩效奖金,方案”"
745,Python软件测试[成都·锦江区],6k-12k,6k-12k经验不限 / 本科,成都志合信蒙科技有限公司,,,"“氛围轻松,五险一金,年终奖”"
746,Python资深后端开发工程师[北京·朝阳区],30k-50k,30k-50k经验10年以上 / 本科,Veeva System维我软件,"软件服务｜咨询,IT技术服务｜咨询,医疗｜保健｜美容 / 上市公司 / 2000人以上",JAVA/Golang/软件服务｜咨询/架构设计/CRM,“多元化福利，行业领导者”
747,python数据开发工程师[北京·北七家],15k-30k,15k-30k经验1-3年 / 本科,北京指南针,科技金融 / 上市公司 / 500-2000人,科技金融,“上市公司”
748,测试工程师（python、自动化测试经验）[成都·双楠],12k-15k,12k-15k经验3-5年 / 本科,汇合,科技金融 / 不需要融资 / 2000人以上,Shell/测试工作经验/科技金融,“长期发展”
749,python架构师[南京·雨花台区],20k-30k,20k-30k经验5-10年 / 本科,亚信科技,"软件服务｜咨询,IT技术服务｜咨询 / 上市公司 / 2000人以上",软件服务｜咨询/人工智能服务,“技术大牛”
750,Python开发工程师[武汉·东西湖区],10k-20k,10k-20k经验3-5年 / 硕士,中清控(武汉)科技有限公司,其他 / 不需要融资 / 50-150人,,"“五险一金,绩效奖金,定期体检”"
751,高级Python开发工程师（AI方向）[上海·嘉定区],12k-22k,12k-22k经验3-5年 / 本科,布廷恩（BUTTING),制造业 / 不需要融资 / 150-500人,制造业,"“五险一金,做五休二,员工旅游”"
752,python开发工程师[合肥·蜀山区],8k-16k,8k-16k经验1-3年 / 本科,新炬网络,,,"“五险一金,绩效奖金,方案”"
753,Python软件测试[成都·锦江区],6k-12k,6k-12k经验不限 / 本科,成都志合信蒙科技有限公司,,,"“氛围轻松,五险一金,年终奖”"
754,Python-AI开发工程师[南京·鼓楼区],10k-20k,10k-20k经验3-5年 / 本科,PDE,"软件服务｜咨询,数据服务｜咨询 / 不需要融资 / 150-500人",软件服务｜咨询/数据服务｜咨询,"“五险一金,定期体检”"
755,前后台分离(React、Python等)软件开发(对日)[常州·天宁区],8k-13k,8k-13k经验3-5年 / 大专,杰通信息,"软件服务｜咨询,数据服务｜咨询 / 不需要融资 / 50-150人",软件服务｜咨询/数据服务｜咨询,“五险一金”
756,Java & Python 开发实习生[上海·静安区],4k-5k,4k-5k经验在校/应届 / 硕士,优脉家族办公室,其他 / 不需要融资 / 15-50人,,“发展前景佳、团队实力强、老板nice”
757,AI Python[上海·浦东新区],20k-30k,20k-30k经验3-5年 / 本科,塔普仑,其他 / 不需要融资 / 50-150人,,“方案”
758,Python资深后端开发工程师[北京·朝阳区],30k-50k,30k-50k经验10年以上 / 本科,Veeva System维我软件,"软件服务｜咨询,IT技术服务｜咨询,医疗｜保健｜美容 / 上市公司 / 2000人以上",JAVA/Golang/软件服务｜咨询/架构设计/CRM,“多元化福利，行业领导者”
759,python数据开发工程师[北京·北七家],15k-30k,15k-30k经验1-3年 / 本科,北京指南针,科技金融 / 上市公司 / 500-2000人,科技金融,“上市公司”
760,Python爬虫工程师[上海·徐汇区],15k-17k,15k-17k经验1-3年 / 大专,上海云赛智联信息科技有限公司,其他 / 不需要融资 / 150-500人,,“发展前景佳、团队实力强、老板nice”
761,高级python算法工程师[广州·增城区],15k-30k,15k-30k经验3-5年 / 本科,希美克,房地产｜建筑｜物业 / 不需要融资 / 500-2000人,房地产｜建筑｜物业,"“五险一金,绩效奖金,方案”"
762,Python开发工程师/IT运维与安全方向（合作伙伴）[长沙·岳麓区],15k-18k,15k-18k经验3-5年 / 本科,深圳市南深人力资源股份有限公司,教育｜培训 / 不需要融资 / 150-500人,教育｜培训,“发展前景佳、团队实力强、老板nice”
763,Python爬虫开发工程师[南京·雨花台区],15k-30k,15k-30k经验3-5年 / 不限,中电电气,制造业 / 不需要融资 / 500-2000人,制造业,"“五险一金,绩效奖金,专业培训”"
764,Python算法工程师[深圳·福田区],14k-16k,14k-16k经验3-5年 / 本科,紫川软件,其他 / 不需要融资 / 500-2000人,,"“五险一金,定期体检,员工旅游”"
765,Python开发工程师[武汉·东西湖区],10k-20k,10k-20k经验3-5年 / 硕士,中清控(武汉)科技有限公司,其他 / 不需要融资 / 50-150人,,"“五险一金,绩效奖金,定期体检”"
766,高级Python开发工程师（AI方向）[上海·嘉定区],12k-22k,12k-22k经验3-5年 / 本科,布廷恩（BUTTING),制造业 / 不需要融资 / 150-500人,制造业,"“五险一金,做五休二,员工旅游”"
767,python开发工程师[合肥·蜀山区],8k-16k,8k-16k经验1-3年 / 本科,新炬网络,,,"“五险一金,绩效奖金,方案”"
768,Python软件测试[成都·锦江区],6k-12k,6k-12k经验不限 / 本科,成都志合信蒙科技有限公司,,,"“氛围轻松,五险一金,年终奖”"
769,Python资深后端开发工程师[北京·朝阳区],30k-50k,30k-50k经验10年以上 / 本科,Veeva System维我软件,"软件服务｜咨询,IT技术服务｜咨询,医疗｜保健｜美容 / 上市公司 / 2000人以上",JAVA/Golang/软件服务｜咨询/架构设计/CRM,“多元化福利，行业领导者”
770,python数据开发工程师[北京·北七家],15k-30k,15k-30k经验1-3年 / 本科,北京指南针,科技金融 / 上市公司 / 500-2000人,科技金融,“上市公司”
771,python自动化检测[深圳·龙华区],6k-8k,6k-8k经验不限 / 大专,银玉科技有限公司,网络通信 / 不需要融资 / 150-500人,网络通信,"“五险一金,免费班车,绩效奖金”"
772,Python全栈工程师[上海·嘉定区],10k-18k,10k-18k经验1-3年 / 大专,上海智机,,,"“工作餐,保险,节假日福利”"
773,Python Web高级开发工程师[上海·嘉定区],11k-18k,11k-18k经验3-5年 / 大专,上海智机,,,"“工作餐,保险,节假日福利”"
774,python数据开发工程师[武汉·洪山区],6k-10k,6k-10k经验3-5年 / 本科,湖北悦联,新零售 / 不需要融资 / 500-2000人,新零售,"“绩效奖金,定期体检,假日福利”"
775,python高级开发工程师[深圳],15k-20k,15k-20k经验3-5年 / 本科,深圳市晨特电子有限公司,,,"“五险一金,绩效奖金,包住宿”"
776,python软件开发工程师[西安·未央区],8k-10k,8k-10k经验3-5年 / 本科,赛思科技（西安）有限公司,软件开发 / 不需要融资 / 50-150人,,"“五险一金,绩效奖金,定期体检”"
777,python高级工程师[郑州·中原区],8k-13k,8k-13k经验3-5年 / 大专,河南省信息咨询设计研究有限公司,,,“发展前景佳、团队实力强、老板nice”
778,python开发工程师（双休）[宁波·鄞州区],9k-16k,9k-16k经验1-3年 / 本科,在舱平台,"物流平台,物流｜运输 / 不需要融资 / 50-150人",物流平台/物流｜运输,"“五险一金,定期体检,员工旅游”"
779,Python爬虫开发实习生[东莞·厚街镇],4k-5k,4k-5k经验在校/应届 / 大专,太粮集团,农林牧渔 / 不需要融资 / 500-2000人,农林牧渔,"“专业培训,公寓式住宿,员工餐厅”"
